2025-11-05 21:02:53 [restartedMain] INFO  com.shinki.shinki.ShinkiApplication - Starting ShinkiApplication using Java 21.0.7 with PID 17996 (D:\Project\Zetta_Git\shinki-new\target\classes started by zetta in D:\Project\Zetta_Git\shinki-new)
2025-11-05 21:02:53 [restartedMain] DEBUG com.shinki.shinki.ShinkiApplication - Running with Spring Boot v3.5.5, Spring v6.2.10
2025-11-05 21:02:53 [restartedMain] INFO  com.shinki.shinki.ShinkiApplication - No active profile set, falling back to 1 default profile: "default"
2025-11-05 21:02:53 [restartedMain] INFO  o.s.b.d.e.DevToolsPropertyDefaultsPostProcessor - Devtools property defaults active! Set 'spring.devtools.add-properties' to 'false' to disable
2025-11-05 21:02:53 [restartedMain] INFO  o.s.b.d.e.DevToolsPropertyDefaultsPostProcessor - For additional web related logging consider setting the 'logging.level.web' property to 'DEBUG'
2025-11-05 21:02:54 [restartedMain] INFO  o.s.d.r.c.RepositoryConfigurationDelegate - Bootstrapping Spring Data JPA repositories in DEFAULT mode.
2025-11-05 21:02:54 [restartedMain] INFO  o.s.d.r.c.RepositoryConfigurationDelegate - Finished Spring Data repository scanning in 103 ms. Found 7 JPA repository interfaces.
2025-11-05 21:02:55 [restartedMain] INFO  o.s.b.w.e.tomcat.TomcatWebServer - Tomcat initialized with port 8080 (http)
2025-11-05 21:02:56 [restartedMain] INFO  o.a.catalina.core.StandardService - Starting service [Tomcat]
2025-11-05 21:02:56 [restartedMain] INFO  o.a.catalina.core.StandardEngine - Starting Servlet engine: [Apache Tomcat/10.1.44]
2025-11-05 21:02:56 [restartedMain] INFO  o.apache.jasper.servlet.TldScanner - At least one JAR was scanned for TLDs yet contained no TLDs. Enable debug logging for this logger for a complete list of JARs that were scanned but no TLDs were found in them. Skipping unneeded JARs during scanning can improve startup time and JSP compilation time.
2025-11-05 21:02:56 [restartedMain] INFO  o.a.c.c.C.[Tomcat].[localhost].[/] - Initializing Spring embedded WebApplicationContext
2025-11-05 21:02:56 [restartedMain] INFO  o.s.b.w.s.c.ServletWebServerApplicationContext - Root WebApplicationContext: initialization completed in 3128 ms
2025-11-05 21:02:56 [restartedMain] INFO  com.zaxxer.hikari.HikariDataSource - HikariPool-1 - Starting...
2025-11-05 21:02:56 [restartedMain] INFO  com.zaxxer.hikari.pool.HikariPool - HikariPool-1 - Added connection com.mysql.cj.jdbc.ConnectionImpl@6c70c15d
2025-11-05 21:02:56 [restartedMain] INFO  com.zaxxer.hikari.HikariDataSource - HikariPool-1 - Start completed.
2025-11-05 21:02:57 [restartedMain] INFO  o.h.jpa.internal.util.LogHelper - HHH000204: Processing PersistenceUnitInfo [name: default]
2025-11-05 21:02:57 [restartedMain] INFO  org.hibernate.Version - HHH000412: Hibernate ORM core version 6.6.26.Final
2025-11-05 21:02:57 [restartedMain] INFO  o.h.c.i.RegionFactoryInitiator - HHH000026: Second-level cache disabled
2025-11-05 21:02:57 [restartedMain] INFO  o.s.o.j.p.SpringPersistenceUnitInfo - No LoadTimeWeaver setup: ignoring JPA class transformer
2025-11-05 21:02:57 [restartedMain] WARN  org.hibernate.orm.deprecation - HHH90000025: MySQLDialect does not need to be specified explicitly using 'hibernate.dialect' (remove the property setting and it will be selected by default)
2025-11-05 21:02:57 [restartedMain] INFO  o.hibernate.orm.connections.pooling - HHH10001005: Database info:
	Database JDBC URL [Connecting through datasource 'HikariDataSource (HikariPool-1)']
	Database driver: undefined/unknown
	Database version: 8.0.42
	Autocommit mode: undefined/unknown
	Isolation level: undefined/unknown
	Minimum pool size: undefined/unknown
	Maximum pool size: undefined/unknown
2025-11-05 21:02:59 [restartedMain] INFO  o.h.e.t.j.p.i.JtaPlatformInitiator - HHH000489: No JTA platform available (set 'hibernate.transaction.jta.platform' to enable JTA platform integration)
2025-11-05 21:02:59 [restartedMain] DEBUG org.hibernate.SQL - 
    alter table member 
       modify column status VARCHAR(1) DEFAULT 'Y' not null
2025-11-05 21:02:59 [restartedMain] INFO  o.s.o.j.LocalContainerEntityManagerFactoryBean - Initialized JPA EntityManagerFactory for persistence unit 'default'
2025-11-05 21:02:59 [restartedMain] INFO  o.s.d.j.r.query.QueryEnhancerFactory - Hibernate is in classpath; If applicable, HQL parser will be used.
2025-11-05 21:03:02 [restartedMain] WARN  o.s.b.a.o.j.JpaBaseConfiguration$JpaWebConfiguration - spring.jpa.open-in-view is enabled by default. Therefore, database queries may be performed during view rendering. Explicitly configure spring.jpa.open-in-view to disable this warning
2025-11-05 21:03:02 [restartedMain] INFO  o.s.b.a.w.s.WelcomePageHandlerMapping - Adding welcome page template: index
2025-11-05 21:03:03 [restartedMain] INFO  o.s.b.a.h.H2ConsoleAutoConfiguration - H2 console available at '/h2-console'. Database available at 'jdbc:mysql://localhost:3306/shinki?useSSL=false&serverTimezone=UTC&characterEncoding=UTF-8&allowPublicKeyRetrieval=true'
2025-11-05 21:03:03 [restartedMain] INFO  o.s.b.d.a.OptionalLiveReloadServer - LiveReload server is running on port 35729
2025-11-05 21:03:03 [restartedMain] INFO  o.s.b.w.e.tomcat.TomcatWebServer - Tomcat started on port 8080 (http) with context path '/'
2025-11-05 21:03:03 [restartedMain] INFO  com.shinki.shinki.ShinkiApplication - Started ShinkiApplication in 10.916 seconds (process running for 11.667)
2025-11-05 21:03:03 [restartedMain] DEBUG org.hibernate.SQL - 
    select
        count(*) 
    from
        member m1_0
2025-11-05 21:03:24 [http-nio-8080-exec-1] INFO  o.a.c.c.C.[Tomcat].[localhost].[/] - Initializing Spring DispatcherServlet 'dispatcherServlet'
2025-11-05 21:03:24 [http-nio-8080-exec-1] INFO  o.s.web.servlet.DispatcherServlet - Initializing Servlet 'dispatcherServlet'
2025-11-05 21:03:24 [http-nio-8080-exec-1] INFO  o.s.web.servlet.DispatcherServlet - Completed initialization in 5 ms
2025-11-05 21:03:24 [http-nio-8080-exec-1] DEBUG o.s.w.s.v.ContentNegotiatingViewResolver - Selected 'text/html' given [text/html, application/xhtml+xml, image/avif, image/webp, image/apng, application/xml;q=0.9, */*;q=0.8, application/signed-exchange;v=b3;q=0.7]
2025-11-05 21:03:24 [http-nio-8080-exec-1] DEBUG o.s.web.servlet.view.JstlView - View name [index], model {message=Hello from Spring Boot JSP!}
2025-11-05 21:03:24 [http-nio-8080-exec-1] DEBUG o.s.web.servlet.view.JstlView - Forwarding to [/WEB-INF/views/index.jsp]
2025-11-05 21:03:27 [http-nio-8080-exec-3] DEBUG o.s.w.s.v.ContentNegotiatingViewResolver - Selected '*/*' given [*/*]
2025-11-05 21:03:27 [http-nio-8080-exec-3] DEBUG o.s.web.servlet.view.JstlView - View name [error], model {status=404, timestamp=2025-11-05T21:03:27.590218500}
2025-11-05 21:03:27 [http-nio-8080-exec-3] DEBUG o.s.web.servlet.view.JstlView - Forwarding to [/WEB-INF/views/error.jsp]
2025-11-05 21:03:29 [http-nio-8080-exec-2] DEBUG o.s.w.s.v.ContentNegotiatingViewResolver - Selected 'text/html' given [text/html, application/xhtml+xml, image/avif, image/webp, image/apng, application/xml;q=0.9, */*;q=0.8, application/signed-exchange;v=b3;q=0.7]
2025-11-05 21:03:30 [http-nio-8080-exec-2] DEBUG o.s.web.servlet.view.JstlView - View name [mypage/login], model {redirectUrl=null}
2025-11-05 21:03:30 [http-nio-8080-exec-2] DEBUG o.s.web.servlet.view.JstlView - Forwarding to [/WEB-INF/views/mypage/login.jsp]
2025-11-05 21:03:32 [http-nio-8080-exec-5] DEBUG o.s.w.s.v.ContentNegotiatingViewResolver - Selected 'text/html' given [text/html, application/xhtml+xml, image/avif, image/webp, image/apng, application/xml;q=0.9, */*;q=0.8, application/signed-exchange;v=b3;q=0.7]
2025-11-05 21:03:32 [http-nio-8080-exec-5] DEBUG o.s.web.servlet.view.JstlView - View name [mypage/login], model {redirectUrl=null}
2025-11-05 21:03:32 [http-nio-8080-exec-5] DEBUG o.s.web.servlet.view.JstlView - Forwarding to [/WEB-INF/views/mypage/login.jsp]
2025-11-05 21:03:38 [http-nio-8080-exec-6] DEBUG org.hibernate.SQL - 
    select
        m1_0.id,
        m1_0.address,
        m1_0.address_etc,
        m1_0.created_at,
        m1_0.department,
        m1_0.email,
        m1_0.hospital_name,
        m1_0.memo,
        m1_0.name,
        m1_0.password,
        m1_0.phone,
        m1_0.recommend_code,
        m1_0.recommended_employee,
        m1_0.status,
        m1_0.updated_at,
        m1_0.username,
        m1_0.visit_num 
    from
        member m1_0 
    where
        m1_0.username=?
2025-11-05 21:03:38 [http-nio-8080-exec-6] DEBUG org.hibernate.SQL - 
    update
        member 
    set
        address=?,
        address_etc=?,
        created_at=?,
        department=?,
        email=?,
        hospital_name=?,
        memo=?,
        name=?,
        password=?,
        phone=?,
        recommend_code=?,
        recommended_employee=?,
        status=?,
        updated_at=?,
        username=?,
        visit_num=? 
    where
        id=?
2025-11-05 21:03:39 [http-nio-8080-exec-6] DEBUG o.s.web.servlet.view.RedirectView - View name [redirect:], model {}
2025-11-05 21:03:39 [http-nio-8080-exec-1] DEBUG org.hibernate.SQL - 
    select
        m1_0.id,
        m1_0.address,
        m1_0.address_etc,
        m1_0.created_at,
        m1_0.department,
        m1_0.email,
        m1_0.hospital_name,
        m1_0.memo,
        m1_0.name,
        m1_0.password,
        m1_0.phone,
        m1_0.recommend_code,
        m1_0.recommended_employee,
        m1_0.status,
        m1_0.updated_at,
        m1_0.username,
        m1_0.visit_num 
    from
        member m1_0 
    where
        m1_0.username=?
2025-11-05 21:03:39 [http-nio-8080-exec-1] DEBUG o.s.w.s.v.ContentNegotiatingViewResolver - Selected 'text/html' given [text/html, application/xhtml+xml, image/avif, image/webp, image/apng, application/xml;q=0.9, */*;q=0.8, application/signed-exchange;v=b3;q=0.7]
2025-11-05 21:03:39 [http-nio-8080-exec-1] DEBUG o.s.web.servlet.view.JstlView - View name [mypage/profile], model {message=로그인되었습니다., member=com.shinki.shinki.entity.Member@481c1fab, org.springframework.validation.BindingResult.member=org.springframework.validation.BeanPropertyBindingResult: 0 errors}
2025-11-05 21:03:39 [http-nio-8080-exec-1] DEBUG o.s.web.servlet.view.JstlView - Forwarding to [/WEB-INF/views/mypage/profile.jsp]
2025-11-05 21:03:42 [http-nio-8080-exec-8] DEBUG org.hibernate.SQL - 
    select
        m1_0.id,
        m1_0.address,
        m1_0.address_etc,
        m1_0.created_at,
        m1_0.department,
        m1_0.email,
        m1_0.hospital_name,
        m1_0.memo,
        m1_0.name,
        m1_0.password,
        m1_0.phone,
        m1_0.recommend_code,
        m1_0.recommended_employee,
        m1_0.status,
        m1_0.updated_at,
        m1_0.username,
        m1_0.visit_num 
    from
        member m1_0 
    where
        m1_0.username=?
2025-11-05 21:03:42 [http-nio-8080-exec-8] DEBUG o.s.w.s.v.ContentNegotiatingViewResolver - Selected 'text/html' given [text/html, application/xhtml+xml, image/avif, image/webp, image/apng, application/xml;q=0.9, */*;q=0.8, application/signed-exchange;v=b3;q=0.7]
2025-11-05 21:03:42 [http-nio-8080-exec-8] DEBUG o.s.web.servlet.view.JstlView - View name [mypage/request], model {memberId=123}
2025-11-05 21:03:42 [http-nio-8080-exec-8] DEBUG o.s.web.servlet.view.JstlView - Forwarding to [/WEB-INF/views/mypage/request.jsp]
2025-11-05 21:03:45 [http-nio-8080-exec-9] DEBUG org.hibernate.SQL - 
    select
        m1_0.id,
        m1_0.address,
        m1_0.address_etc,
        m1_0.created_at,
        m1_0.department,
        m1_0.email,
        m1_0.hospital_name,
        m1_0.memo,
        m1_0.name,
        m1_0.password,
        m1_0.phone,
        m1_0.recommend_code,
        m1_0.recommended_employee,
        m1_0.status,
        m1_0.updated_at,
        m1_0.username,
        m1_0.visit_num 
    from
        member m1_0 
    where
        m1_0.username=?
2025-11-05 21:03:45 [http-nio-8080-exec-9] DEBUG org.hibernate.SQL - 
    select
        r1_0.id,
        r1_0.admin_file_path,
        r1_0.application_type,
        r1_0.content,
        r1_0.created_at,
        r1_0.file_path,
        r1_0.member_id,
        r1_0.money,
        r1_0.payment_amount,
        r1_0.payment_method,
        r1_0.payment_status,
        r1_0.privacy_agreed,
        r1_0.privacy_agreement,
        r1_0.reg_condition,
        r1_0.status,
        r1_0.status_cancel,
        r1_0.title,
        r1_0.updated_at 
    from
        request r1_0 
    left join
        member m1_0 
            on m1_0.id=r1_0.member_id 
    where
        m1_0.id=? 
    order by
        r1_0.created_at desc
2025-11-05 21:03:45 [http-nio-8080-exec-9] DEBUG o.s.w.s.v.ContentNegotiatingViewResolver - Selected 'text/html' given [text/html, application/xhtml+xml, image/avif, image/webp, image/apng, application/xml;q=0.9, */*;q=0.8, application/signed-exchange;v=b3;q=0.7]
2025-11-05 21:03:45 [http-nio-8080-exec-9] DEBUG o.s.web.servlet.view.JstlView - View name [mypage/orders], model {requests=[com.shinki.shinki.entity.Request@60bdadc6, com.shinki.shinki.entity.Request@c8cf44, com.shinki.shinki.entity.Request@1f96515a, com.shinki.shinki.entity.Request@75d40a9e, com.shinki.shinki.entity.Request@16130a06, com.shinki.shinki.entity.Request@27086bdc, com.shinki.shinki.entity.Request@683c08c], startDate=null, endDate=null, inProgressCount=4, completedCount=3}
2025-11-05 21:03:45 [http-nio-8080-exec-9] DEBUG o.s.web.servlet.view.JstlView - Forwarding to [/WEB-INF/views/mypage/orders.jsp]
2025-11-05 21:03:54 [http-nio-8080-exec-3] DEBUG org.hibernate.SQL - 
    select
        m1_0.id,
        m1_0.address,
        m1_0.address_etc,
        m1_0.created_at,
        m1_0.department,
        m1_0.email,
        m1_0.hospital_name,
        m1_0.memo,
        m1_0.name,
        m1_0.password,
        m1_0.phone,
        m1_0.recommend_code,
        m1_0.recommended_employee,
        m1_0.status,
        m1_0.updated_at,
        m1_0.username,
        m1_0.visit_num 
    from
        member m1_0 
    where
        m1_0.username=?
2025-11-05 21:03:54 [http-nio-8080-exec-3] DEBUG o.s.w.s.v.ContentNegotiatingViewResolver - Selected 'text/html' given [text/html, application/xhtml+xml, image/avif, image/webp, image/apng, application/xml;q=0.9, */*;q=0.8, application/signed-exchange;v=b3;q=0.7]
2025-11-05 21:03:54 [http-nio-8080-exec-3] DEBUG o.s.web.servlet.view.JstlView - View name [mypage/request], model {memberId=123}
2025-11-05 21:03:54 [http-nio-8080-exec-3] DEBUG o.s.web.servlet.view.JstlView - Forwarding to [/WEB-INF/views/mypage/request.jsp]
2025-11-05 21:04:13 [http-nio-8080-exec-1] DEBUG org.hibernate.SQL - 
    insert 
    into
        request
        (admin_file_path, application_type, content, created_at, file_path, member_id, money, payment_amount, payment_method, payment_status, privacy_agreed, privacy_agreement, reg_condition, status, status_cancel, title, updated_at) 
    values
        (?, ?, ?, ?, ?, ?, ?, ?, ?, ?, ?, ?, ?, ?, ?, ?, ?)
2025-11-05 21:04:13 [http-nio-8080-exec-1] DEBUG o.s.web.servlet.view.RedirectView - View name [redirect:], model {}
2025-11-05 21:04:14 [http-nio-8080-exec-10] DEBUG org.hibernate.SQL - 
    select
        m1_0.id,
        m1_0.address,
        m1_0.address_etc,
        m1_0.created_at,
        m1_0.department,
        m1_0.email,
        m1_0.hospital_name,
        m1_0.memo,
        m1_0.name,
        m1_0.password,
        m1_0.phone,
        m1_0.recommend_code,
        m1_0.recommended_employee,
        m1_0.status,
        m1_0.updated_at,
        m1_0.username,
        m1_0.visit_num 
    from
        member m1_0 
    where
        m1_0.username=?
2025-11-05 21:04:14 [http-nio-8080-exec-10] DEBUG o.s.w.s.v.ContentNegotiatingViewResolver - Selected 'text/html' given [text/html, application/xhtml+xml, image/avif, image/webp, image/apng, application/xml;q=0.9, */*;q=0.8, application/signed-exchange;v=b3;q=0.7]
2025-11-05 21:04:14 [http-nio-8080-exec-10] DEBUG o.s.web.servlet.view.JstlView - View name [mypage/request], model {message=의뢰내용이 정상 등록되었습니다, memberId=123}
2025-11-05 21:04:14 [http-nio-8080-exec-10] DEBUG o.s.web.servlet.view.JstlView - Forwarding to [/WEB-INF/views/mypage/request.jsp]
2025-11-05 21:04:16 [http-nio-8080-exec-8] DEBUG org.hibernate.SQL - 
    select
        m1_0.id,
        m1_0.address,
        m1_0.address_etc,
        m1_0.created_at,
        m1_0.department,
        m1_0.email,
        m1_0.hospital_name,
        m1_0.memo,
        m1_0.name,
        m1_0.password,
        m1_0.phone,
        m1_0.recommend_code,
        m1_0.recommended_employee,
        m1_0.status,
        m1_0.updated_at,
        m1_0.username,
        m1_0.visit_num 
    from
        member m1_0 
    where
        m1_0.username=?
2025-11-05 21:04:17 [http-nio-8080-exec-8] DEBUG org.hibernate.SQL - 
    select
        r1_0.id,
        r1_0.admin_file_path,
        r1_0.application_type,
        r1_0.content,
        r1_0.created_at,
        r1_0.file_path,
        r1_0.member_id,
        r1_0.money,
        r1_0.payment_amount,
        r1_0.payment_method,
        r1_0.payment_status,
        r1_0.privacy_agreed,
        r1_0.privacy_agreement,
        r1_0.reg_condition,
        r1_0.status,
        r1_0.status_cancel,
        r1_0.title,
        r1_0.updated_at 
    from
        request r1_0 
    left join
        member m1_0 
            on m1_0.id=r1_0.member_id 
    where
        m1_0.id=? 
    order by
        r1_0.created_at desc
2025-11-05 21:04:17 [http-nio-8080-exec-8] DEBUG o.s.w.s.v.ContentNegotiatingViewResolver - Selected 'text/html' given [text/html, application/xhtml+xml, image/avif, image/webp, image/apng, application/xml;q=0.9, */*;q=0.8, application/signed-exchange;v=b3;q=0.7]
2025-11-05 21:04:17 [http-nio-8080-exec-8] DEBUG o.s.web.servlet.view.JstlView - View name [mypage/orders], model {requests=[com.shinki.shinki.entity.Request@5e6d41f8, com.shinki.shinki.entity.Request@244f5e78, com.shinki.shinki.entity.Request@216720b8, com.shinki.shinki.entity.Request@3472d173, com.shinki.shinki.entity.Request@46bc8fe6, com.shinki.shinki.entity.Request@45c63f07, com.shinki.shinki.entity.Request@2b5d64ff, com.shinki.shinki.entity.Request@543e3c8e], startDate=null, endDate=null, inProgressCount=5, completedCount=3}
2025-11-05 21:04:17 [http-nio-8080-exec-8] DEBUG o.s.web.servlet.view.JstlView - Forwarding to [/WEB-INF/views/mypage/orders.jsp]
2025-11-05 21:04:19 [http-nio-8080-exec-9] DEBUG org.hibernate.SQL - 
    select
        r1_0.id,
        r1_0.admin_file_path,
        r1_0.application_type,
        r1_0.content,
        r1_0.created_at,
        r1_0.file_path,
        r1_0.member_id,
        m1_0.id,
        m1_0.address,
        m1_0.address_etc,
        m1_0.created_at,
        m1_0.department,
        m1_0.email,
        m1_0.hospital_name,
        m1_0.memo,
        m1_0.name,
        m1_0.password,
        m1_0.phone,
        m1_0.recommend_code,
        m1_0.recommended_employee,
        m1_0.status,
        m1_0.updated_at,
        m1_0.username,
        m1_0.visit_num,
        r1_0.money,
        r1_0.payment_amount,
        r1_0.payment_method,
        r1_0.payment_status,
        r1_0.privacy_agreed,
        r1_0.privacy_agreement,
        r1_0.reg_condition,
        r1_0.status,
        r1_0.status_cancel,
        r1_0.title,
        r1_0.updated_at 
    from
        request r1_0 
    left join
        member m1_0 
            on m1_0.id=r1_0.member_id 
    where
        r1_0.id=?
2025-11-05 21:04:19 [http-nio-8080-exec-9] DEBUG org.hibernate.SQL - 
    select
        rr1_0.id,
        rr1_0.admin_no,
        rr1_0.admin_content,
        rr1_0.admin_created_at,
        rr1_0.created_at,
        rr1_0.member_id,
        rr1_0.parent_id,
        rr1_0.request_id,
        rr1_0.updated_at,
        rr1_0.user_content,
        rr1_0.user_created_at 
    from
        reply_request rr1_0 
    where
        rr1_0.request_id=? 
        and rr1_0.parent_id is null 
    order by
        rr1_0.created_at desc
2025-11-05 21:04:19 [http-nio-8080-exec-9] DEBUG o.s.w.s.v.ContentNegotiatingViewResolver - Selected 'text/html' given [text/html, application/xhtml+xml, image/avif, image/webp, image/apng, application/xml;q=0.9, */*;q=0.8, application/signed-exchange;v=b3;q=0.7]
2025-11-05 21:04:19 [http-nio-8080-exec-9] DEBUG o.s.web.servlet.view.JstlView - View name [mypage/order-detail], model {request=com.shinki.shinki.entity.Request@52b12286, userComments=[], org.springframework.validation.BindingResult.request=org.springframework.validation.BeanPropertyBindingResult: 0 errors}
2025-11-05 21:04:19 [http-nio-8080-exec-9] DEBUG o.s.web.servlet.view.JstlView - Forwarding to [/WEB-INF/views/mypage/order-detail.jsp]
2025-11-05 21:04:22 [http-nio-8080-exec-4] DEBUG org.hibernate.SQL - 
    select
        m1_0.id,
        m1_0.address,
        m1_0.address_etc,
        m1_0.created_at,
        m1_0.department,
        m1_0.email,
        m1_0.hospital_name,
        m1_0.memo,
        m1_0.name,
        m1_0.password,
        m1_0.phone,
        m1_0.recommend_code,
        m1_0.recommended_employee,
        m1_0.status,
        m1_0.updated_at,
        m1_0.username,
        m1_0.visit_num 
    from
        member m1_0 
    where
        m1_0.username=?
2025-11-05 21:04:22 [http-nio-8080-exec-4] DEBUG org.hibernate.SQL - 
    select
        r1_0.id,
        r1_0.admin_file_path,
        r1_0.application_type,
        r1_0.content,
        r1_0.created_at,
        r1_0.file_path,
        r1_0.member_id,
        m1_0.id,
        m1_0.address,
        m1_0.address_etc,
        m1_0.created_at,
        m1_0.department,
        m1_0.email,
        m1_0.hospital_name,
        m1_0.memo,
        m1_0.name,
        m1_0.password,
        m1_0.phone,
        m1_0.recommend_code,
        m1_0.recommended_employee,
        m1_0.status,
        m1_0.updated_at,
        m1_0.username,
        m1_0.visit_num,
        r1_0.money,
        r1_0.payment_amount,
        r1_0.payment_method,
        r1_0.payment_status,
        r1_0.privacy_agreed,
        r1_0.privacy_agreement,
        r1_0.reg_condition,
        r1_0.status,
        r1_0.status_cancel,
        r1_0.title,
        r1_0.updated_at 
    from
        request r1_0 
    left join
        member m1_0 
            on m1_0.id=r1_0.member_id 
    where
        r1_0.id=?
2025-11-05 21:04:22 [http-nio-8080-exec-4] DEBUG o.s.w.s.v.ContentNegotiatingViewResolver - Selected 'text/html' given [text/html, application/xhtml+xml, image/avif, image/webp, image/apng, application/xml;q=0.9, */*;q=0.8, application/signed-exchange;v=b3;q=0.7]
2025-11-05 21:04:23 [http-nio-8080-exec-4] DEBUG o.s.web.servlet.view.JstlView - View name [mypage/edit-request], model {memberId=123, request=com.shinki.shinki.entity.Request@1684aba0, org.springframework.validation.BindingResult.request=org.springframework.validation.BeanPropertyBindingResult: 0 errors}
2025-11-05 21:04:23 [http-nio-8080-exec-4] DEBUG o.s.web.servlet.view.JstlView - Forwarding to [/WEB-INF/views/mypage/edit-request.jsp]
2025-11-05 21:04:31 [http-nio-8080-exec-2] DEBUG org.hibernate.SQL - 
    select
        r1_0.id,
        r1_0.admin_file_path,
        r1_0.application_type,
        r1_0.content,
        r1_0.created_at,
        r1_0.file_path,
        r1_0.member_id,
        m1_0.id,
        m1_0.address,
        m1_0.address_etc,
        m1_0.created_at,
        m1_0.department,
        m1_0.email,
        m1_0.hospital_name,
        m1_0.memo,
        m1_0.name,
        m1_0.password,
        m1_0.phone,
        m1_0.recommend_code,
        m1_0.recommended_employee,
        m1_0.status,
        m1_0.updated_at,
        m1_0.username,
        m1_0.visit_num,
        r1_0.money,
        r1_0.payment_amount,
        r1_0.payment_method,
        r1_0.payment_status,
        r1_0.privacy_agreed,
        r1_0.privacy_agreement,
        r1_0.reg_condition,
        r1_0.status,
        r1_0.status_cancel,
        r1_0.title,
        r1_0.updated_at 
    from
        request r1_0 
    left join
        member m1_0 
            on m1_0.id=r1_0.member_id 
    where
        r1_0.id=?
2025-11-05 21:04:31 [http-nio-8080-exec-2] DEBUG org.hibernate.SQL - 
    select
        m1_0.id,
        m1_0.address,
        m1_0.address_etc,
        m1_0.created_at,
        m1_0.department,
        m1_0.email,
        m1_0.hospital_name,
        m1_0.memo,
        m1_0.name,
        m1_0.password,
        m1_0.phone,
        m1_0.recommend_code,
        m1_0.recommended_employee,
        m1_0.status,
        m1_0.updated_at,
        m1_0.username,
        m1_0.visit_num 
    from
        member m1_0 
    where
        m1_0.username=?
2025-11-05 21:04:31 [http-nio-8080-exec-2] DEBUG org.hibernate.SQL - 
    update
        request 
    set
        admin_file_path=?,
        application_type=?,
        content=?,
        created_at=?,
        file_path=?,
        member_id=?,
        money=?,
        payment_amount=?,
        payment_method=?,
        payment_status=?,
        privacy_agreed=?,
        privacy_agreement=?,
        reg_condition=?,
        status=?,
        status_cancel=?,
        title=?,
        updated_at=? 
    where
        id=?
2025-11-05 21:04:31 [http-nio-8080-exec-2] DEBUG o.s.web.servlet.view.RedirectView - View name [redirect:], model {}
2025-11-05 21:04:31 [http-nio-8080-exec-3] DEBUG org.hibernate.SQL - 
    select
        r1_0.id,
        r1_0.admin_file_path,
        r1_0.application_type,
        r1_0.content,
        r1_0.created_at,
        r1_0.file_path,
        r1_0.member_id,
        m1_0.id,
        m1_0.address,
        m1_0.address_etc,
        m1_0.created_at,
        m1_0.department,
        m1_0.email,
        m1_0.hospital_name,
        m1_0.memo,
        m1_0.name,
        m1_0.password,
        m1_0.phone,
        m1_0.recommend_code,
        m1_0.recommended_employee,
        m1_0.status,
        m1_0.updated_at,
        m1_0.username,
        m1_0.visit_num,
        r1_0.money,
        r1_0.payment_amount,
        r1_0.payment_method,
        r1_0.payment_status,
        r1_0.privacy_agreed,
        r1_0.privacy_agreement,
        r1_0.reg_condition,
        r1_0.status,
        r1_0.status_cancel,
        r1_0.title,
        r1_0.updated_at 
    from
        request r1_0 
    left join
        member m1_0 
            on m1_0.id=r1_0.member_id 
    where
        r1_0.id=?
2025-11-05 21:04:31 [http-nio-8080-exec-3] DEBUG org.hibernate.SQL - 
    select
        rr1_0.id,
        rr1_0.admin_no,
        rr1_0.admin_content,
        rr1_0.admin_created_at,
        rr1_0.created_at,
        rr1_0.member_id,
        rr1_0.parent_id,
        rr1_0.request_id,
        rr1_0.updated_at,
        rr1_0.user_content,
        rr1_0.user_created_at 
    from
        reply_request rr1_0 
    where
        rr1_0.request_id=? 
        and rr1_0.parent_id is null 
    order by
        rr1_0.created_at desc
2025-11-05 21:04:31 [http-nio-8080-exec-3] DEBUG o.s.w.s.v.ContentNegotiatingViewResolver - Selected 'text/html' given [text/html, application/xhtml+xml, image/avif, image/webp, image/apng, application/xml;q=0.9, */*;q=0.8, application/signed-exchange;v=b3;q=0.7]
2025-11-05 21:04:31 [http-nio-8080-exec-3] DEBUG o.s.web.servlet.view.JstlView - View name [mypage/order-detail], model {message=의뢰가 성공적으로 수정되었습니다., request=com.shinki.shinki.entity.Request@7c6cf9c7, userComments=[], org.springframework.validation.BindingResult.request=org.springframework.validation.BeanPropertyBindingResult: 0 errors}
2025-11-05 21:04:31 [http-nio-8080-exec-3] DEBUG o.s.web.servlet.view.JstlView - Forwarding to [/WEB-INF/views/mypage/order-detail.jsp]
2025-11-05 21:08:30 [SpringApplicationShutdownHook] INFO  o.s.b.w.e.tomcat.GracefulShutdown - Commencing graceful shutdown. Waiting for active requests to complete
2025-11-05 21:08:30 [tomcat-shutdown] INFO  o.s.b.w.e.tomcat.GracefulShutdown - Graceful shutdown complete
2025-11-05 21:08:30 [SpringApplicationShutdownHook] INFO  o.s.o.j.LocalContainerEntityManagerFactoryBean - Closing JPA EntityManagerFactory for persistence unit 'default'
2025-11-05 21:08:30 [SpringApplicationShutdownHook] INFO  com.zaxxer.hikari.HikariDataSource - HikariPool-1 - Shutdown initiated...
2025-11-05 21:08:30 [SpringApplicationShutdownHook] INFO  com.zaxxer.hikari.HikariDataSource - HikariPool-1 - Shutdown completed.
2025-11-05 21:08:42 [restartedMain] INFO  com.shinki.shinki.ShinkiApplication - Starting ShinkiApplication using Java 21.0.7 with PID 3308 (D:\Project\Zetta_Git\shinki-new\target\classes started by zetta in D:\Project\Zetta_Git\shinki-new)
2025-11-05 21:08:42 [restartedMain] DEBUG com.shinki.shinki.ShinkiApplication - Running with Spring Boot v3.5.5, Spring v6.2.10
2025-11-05 21:08:42 [restartedMain] INFO  com.shinki.shinki.ShinkiApplication - No active profile set, falling back to 1 default profile: "default"
2025-11-05 21:08:42 [restartedMain] INFO  o.s.b.d.e.DevToolsPropertyDefaultsPostProcessor - Devtools property defaults active! Set 'spring.devtools.add-properties' to 'false' to disable
2025-11-05 21:08:42 [restartedMain] INFO  o.s.b.d.e.DevToolsPropertyDefaultsPostProcessor - For additional web related logging consider setting the 'logging.level.web' property to 'DEBUG'
2025-11-05 21:08:43 [restartedMain] INFO  o.s.d.r.c.RepositoryConfigurationDelegate - Bootstrapping Spring Data JPA repositories in DEFAULT mode.
2025-11-05 21:08:43 [restartedMain] INFO  o.s.d.r.c.RepositoryConfigurationDelegate - Finished Spring Data repository scanning in 99 ms. Found 7 JPA repository interfaces.
2025-11-05 21:08:44 [restartedMain] INFO  o.s.b.w.e.tomcat.TomcatWebServer - Tomcat initialized with port 8080 (http)
2025-11-05 21:08:44 [restartedMain] INFO  o.a.catalina.core.StandardService - Starting service [Tomcat]
2025-11-05 21:08:44 [restartedMain] INFO  o.a.catalina.core.StandardEngine - Starting Servlet engine: [Apache Tomcat/10.1.44]
2025-11-05 21:08:44 [restartedMain] INFO  o.apache.jasper.servlet.TldScanner - At least one JAR was scanned for TLDs yet contained no TLDs. Enable debug logging for this logger for a complete list of JARs that were scanned but no TLDs were found in them. Skipping unneeded JARs during scanning can improve startup time and JSP compilation time.
2025-11-05 21:08:44 [restartedMain] INFO  o.a.c.c.C.[Tomcat].[localhost].[/] - Initializing Spring embedded WebApplicationContext
2025-11-05 21:08:44 [restartedMain] INFO  o.s.b.w.s.c.ServletWebServerApplicationContext - Root WebApplicationContext: initialization completed in 2183 ms
2025-11-05 21:08:44 [restartedMain] INFO  com.zaxxer.hikari.HikariDataSource - HikariPool-1 - Starting...
2025-11-05 21:08:44 [restartedMain] INFO  com.zaxxer.hikari.pool.HikariPool - HikariPool-1 - Added connection com.mysql.cj.jdbc.ConnectionImpl@7098c5c5
2025-11-05 21:08:44 [restartedMain] INFO  com.zaxxer.hikari.HikariDataSource - HikariPool-1 - Start completed.
2025-11-05 21:08:45 [restartedMain] INFO  o.h.jpa.internal.util.LogHelper - HHH000204: Processing PersistenceUnitInfo [name: default]
2025-11-05 21:08:45 [restartedMain] INFO  org.hibernate.Version - HHH000412: Hibernate ORM core version 6.6.26.Final
2025-11-05 21:08:45 [restartedMain] INFO  o.h.c.i.RegionFactoryInitiator - HHH000026: Second-level cache disabled
2025-11-05 21:08:45 [restartedMain] INFO  o.s.o.j.p.SpringPersistenceUnitInfo - No LoadTimeWeaver setup: ignoring JPA class transformer
2025-11-05 21:08:45 [restartedMain] WARN  org.hibernate.orm.deprecation - HHH90000025: MySQLDialect does not need to be specified explicitly using 'hibernate.dialect' (remove the property setting and it will be selected by default)
2025-11-05 21:08:45 [restartedMain] INFO  o.hibernate.orm.connections.pooling - HHH10001005: Database info:
	Database JDBC URL [Connecting through datasource 'HikariDataSource (HikariPool-1)']
	Database driver: undefined/unknown
	Database version: 8.0.42
	Autocommit mode: undefined/unknown
	Isolation level: undefined/unknown
	Minimum pool size: undefined/unknown
	Maximum pool size: undefined/unknown
2025-11-05 21:08:47 [restartedMain] INFO  o.h.e.t.j.p.i.JtaPlatformInitiator - HHH000489: No JTA platform available (set 'hibernate.transaction.jta.platform' to enable JTA platform integration)
2025-11-05 21:08:47 [restartedMain] DEBUG org.hibernate.SQL - 
    alter table member 
       modify column status VARCHAR(1) DEFAULT 'Y' not null
2025-11-05 21:08:47 [restartedMain] INFO  o.s.o.j.LocalContainerEntityManagerFactoryBean - Initialized JPA EntityManagerFactory for persistence unit 'default'
2025-11-05 21:08:47 [restartedMain] INFO  o.s.d.j.r.query.QueryEnhancerFactory - Hibernate is in classpath; If applicable, HQL parser will be used.
2025-11-05 21:08:50 [restartedMain] WARN  o.s.b.a.o.j.JpaBaseConfiguration$JpaWebConfiguration - spring.jpa.open-in-view is enabled by default. Therefore, database queries may be performed during view rendering. Explicitly configure spring.jpa.open-in-view to disable this warning
2025-11-05 21:08:50 [restartedMain] INFO  o.s.b.a.w.s.WelcomePageHandlerMapping - Adding welcome page template: index
2025-11-05 21:08:50 [restartedMain] INFO  o.s.b.a.h.H2ConsoleAutoConfiguration - H2 console available at '/h2-console'. Database available at 'jdbc:mysql://localhost:3306/shinki?useSSL=false&serverTimezone=UTC&characterEncoding=UTF-8&allowPublicKeyRetrieval=true'
2025-11-05 21:08:51 [restartedMain] INFO  o.s.b.d.a.OptionalLiveReloadServer - LiveReload server is running on port 35729
2025-11-05 21:08:51 [restartedMain] INFO  o.s.b.w.e.tomcat.TomcatWebServer - Tomcat started on port 8080 (http) with context path '/'
2025-11-05 21:08:51 [restartedMain] INFO  com.shinki.shinki.ShinkiApplication - Started ShinkiApplication in 9.537 seconds (process running for 10.573)
2025-11-05 21:08:51 [restartedMain] DEBUG org.hibernate.SQL - 
    select
        count(*) 
    from
        member m1_0
2025-11-05 21:08:54 [http-nio-8080-exec-1] INFO  o.a.c.c.C.[Tomcat].[localhost].[/] - Initializing Spring DispatcherServlet 'dispatcherServlet'
2025-11-05 21:08:54 [http-nio-8080-exec-1] INFO  o.s.web.servlet.DispatcherServlet - Initializing Servlet 'dispatcherServlet'
2025-11-05 21:08:54 [http-nio-8080-exec-1] INFO  o.s.web.servlet.DispatcherServlet - Completed initialization in 2 ms
2025-11-05 21:08:55 [http-nio-8080-exec-1] DEBUG org.hibernate.SQL - 
    select
        r1_0.id,
        r1_0.admin_file_path,
        r1_0.application_type,
        r1_0.content,
        r1_0.created_at,
        r1_0.file_path,
        r1_0.member_id,
        m1_0.id,
        m1_0.address,
        m1_0.address_etc,
        m1_0.created_at,
        m1_0.department,
        m1_0.email,
        m1_0.hospital_name,
        m1_0.memo,
        m1_0.name,
        m1_0.password,
        m1_0.phone,
        m1_0.recommend_code,
        m1_0.recommended_employee,
        m1_0.status,
        m1_0.updated_at,
        m1_0.username,
        m1_0.visit_num,
        r1_0.money,
        r1_0.payment_amount,
        r1_0.payment_method,
        r1_0.payment_status,
        r1_0.privacy_agreed,
        r1_0.privacy_agreement,
        r1_0.reg_condition,
        r1_0.status,
        r1_0.status_cancel,
        r1_0.title,
        r1_0.updated_at 
    from
        request r1_0 
    left join
        member m1_0 
            on m1_0.id=r1_0.member_id 
    where
        r1_0.id=?
2025-11-05 21:08:55 [http-nio-8080-exec-1] DEBUG org.hibernate.SQL - 
    select
        rr1_0.id,
        rr1_0.admin_no,
        rr1_0.admin_content,
        rr1_0.admin_created_at,
        rr1_0.created_at,
        rr1_0.member_id,
        rr1_0.parent_id,
        rr1_0.request_id,
        rr1_0.updated_at,
        rr1_0.user_content,
        rr1_0.user_created_at 
    from
        reply_request rr1_0 
    where
        rr1_0.request_id=? 
        and rr1_0.parent_id is null 
    order by
        rr1_0.created_at desc
2025-11-05 21:08:55 [http-nio-8080-exec-1] DEBUG o.s.w.s.v.ContentNegotiatingViewResolver - Selected 'text/html' given [text/html, application/xhtml+xml, image/avif, image/webp, image/apng, application/xml;q=0.9, */*;q=0.8, application/signed-exchange;v=b3;q=0.7]
2025-11-05 21:08:55 [http-nio-8080-exec-1] DEBUG o.s.web.servlet.view.JstlView - View name [mypage/order-detail], model {request=com.shinki.shinki.entity.Request@5a0cbc81, userComments=[], org.springframework.validation.BindingResult.request=org.springframework.validation.BeanPropertyBindingResult: 0 errors}
2025-11-05 21:08:55 [http-nio-8080-exec-1] DEBUG o.s.web.servlet.view.JstlView - Forwarding to [/WEB-INF/views/mypage/order-detail.jsp]
2025-11-05 21:09:02 [http-nio-8080-exec-2] DEBUG org.hibernate.SQL - 
    select
        m1_0.id,
        m1_0.address,
        m1_0.address_etc,
        m1_0.created_at,
        m1_0.department,
        m1_0.email,
        m1_0.hospital_name,
        m1_0.memo,
        m1_0.name,
        m1_0.password,
        m1_0.phone,
        m1_0.recommend_code,
        m1_0.recommended_employee,
        m1_0.status,
        m1_0.updated_at,
        m1_0.username,
        m1_0.visit_num 
    from
        member m1_0 
    where
        m1_0.username=?
2025-11-05 21:09:02 [http-nio-8080-exec-2] DEBUG org.hibernate.SQL - 
    select
        r1_0.id,
        r1_0.admin_file_path,
        r1_0.application_type,
        r1_0.content,
        r1_0.created_at,
        r1_0.file_path,
        r1_0.member_id,
        m1_0.id,
        m1_0.address,
        m1_0.address_etc,
        m1_0.created_at,
        m1_0.department,
        m1_0.email,
        m1_0.hospital_name,
        m1_0.memo,
        m1_0.name,
        m1_0.password,
        m1_0.phone,
        m1_0.recommend_code,
        m1_0.recommended_employee,
        m1_0.status,
        m1_0.updated_at,
        m1_0.username,
        m1_0.visit_num,
        r1_0.money,
        r1_0.payment_amount,
        r1_0.payment_method,
        r1_0.payment_status,
        r1_0.privacy_agreed,
        r1_0.privacy_agreement,
        r1_0.reg_condition,
        r1_0.status,
        r1_0.status_cancel,
        r1_0.title,
        r1_0.updated_at 
    from
        request r1_0 
    left join
        member m1_0 
            on m1_0.id=r1_0.member_id 
    where
        r1_0.id=?
2025-11-05 21:09:02 [http-nio-8080-exec-2] DEBUG o.s.w.s.v.ContentNegotiatingViewResolver - Selected 'text/html' given [text/html, application/xhtml+xml, image/avif, image/webp, image/apng, application/xml;q=0.9, */*;q=0.8, application/signed-exchange;v=b3;q=0.7]
2025-11-05 21:09:02 [http-nio-8080-exec-2] DEBUG o.s.web.servlet.view.JstlView - View name [mypage/edit-request], model {memberId=123, request=com.shinki.shinki.entity.Request@ba4f3f0, org.springframework.validation.BindingResult.request=org.springframework.validation.BeanPropertyBindingResult: 0 errors}
2025-11-05 21:09:02 [http-nio-8080-exec-2] DEBUG o.s.web.servlet.view.JstlView - Forwarding to [/WEB-INF/views/mypage/edit-request.jsp]
2025-11-05 21:09:08 [http-nio-8080-exec-4] DEBUG org.hibernate.SQL - 
    select
        r1_0.id,
        r1_0.admin_file_path,
        r1_0.application_type,
        r1_0.content,
        r1_0.created_at,
        r1_0.file_path,
        r1_0.member_id,
        m1_0.id,
        m1_0.address,
        m1_0.address_etc,
        m1_0.created_at,
        m1_0.department,
        m1_0.email,
        m1_0.hospital_name,
        m1_0.memo,
        m1_0.name,
        m1_0.password,
        m1_0.phone,
        m1_0.recommend_code,
        m1_0.recommended_employee,
        m1_0.status,
        m1_0.updated_at,
        m1_0.username,
        m1_0.visit_num,
        r1_0.money,
        r1_0.payment_amount,
        r1_0.payment_method,
        r1_0.payment_status,
        r1_0.privacy_agreed,
        r1_0.privacy_agreement,
        r1_0.reg_condition,
        r1_0.status,
        r1_0.status_cancel,
        r1_0.title,
        r1_0.updated_at 
    from
        request r1_0 
    left join
        member m1_0 
            on m1_0.id=r1_0.member_id 
    where
        r1_0.id=?
2025-11-05 21:09:08 [http-nio-8080-exec-4] DEBUG org.hibernate.SQL - 
    select
        m1_0.id,
        m1_0.address,
        m1_0.address_etc,
        m1_0.created_at,
        m1_0.department,
        m1_0.email,
        m1_0.hospital_name,
        m1_0.memo,
        m1_0.name,
        m1_0.password,
        m1_0.phone,
        m1_0.recommend_code,
        m1_0.recommended_employee,
        m1_0.status,
        m1_0.updated_at,
        m1_0.username,
        m1_0.visit_num 
    from
        member m1_0 
    where
        m1_0.username=?
2025-11-05 21:09:08 [http-nio-8080-exec-4] DEBUG org.hibernate.SQL - 
    update
        request 
    set
        admin_file_path=?,
        application_type=?,
        content=?,
        created_at=?,
        file_path=?,
        member_id=?,
        money=?,
        payment_amount=?,
        payment_method=?,
        payment_status=?,
        privacy_agreed=?,
        privacy_agreement=?,
        reg_condition=?,
        status=?,
        status_cancel=?,
        title=?,
        updated_at=? 
    where
        id=?
2025-11-05 21:09:08 [http-nio-8080-exec-4] DEBUG o.s.web.servlet.view.RedirectView - View name [redirect:], model {}
2025-11-05 21:09:08 [http-nio-8080-exec-5] DEBUG org.hibernate.SQL - 
    select
        r1_0.id,
        r1_0.admin_file_path,
        r1_0.application_type,
        r1_0.content,
        r1_0.created_at,
        r1_0.file_path,
        r1_0.member_id,
        m1_0.id,
        m1_0.address,
        m1_0.address_etc,
        m1_0.created_at,
        m1_0.department,
        m1_0.email,
        m1_0.hospital_name,
        m1_0.memo,
        m1_0.name,
        m1_0.password,
        m1_0.phone,
        m1_0.recommend_code,
        m1_0.recommended_employee,
        m1_0.status,
        m1_0.updated_at,
        m1_0.username,
        m1_0.visit_num,
        r1_0.money,
        r1_0.payment_amount,
        r1_0.payment_method,
        r1_0.payment_status,
        r1_0.privacy_agreed,
        r1_0.privacy_agreement,
        r1_0.reg_condition,
        r1_0.status,
        r1_0.status_cancel,
        r1_0.title,
        r1_0.updated_at 
    from
        request r1_0 
    left join
        member m1_0 
            on m1_0.id=r1_0.member_id 
    where
        r1_0.id=?
2025-11-05 21:09:08 [http-nio-8080-exec-5] DEBUG org.hibernate.SQL - 
    select
        rr1_0.id,
        rr1_0.admin_no,
        rr1_0.admin_content,
        rr1_0.admin_created_at,
        rr1_0.created_at,
        rr1_0.member_id,
        rr1_0.parent_id,
        rr1_0.request_id,
        rr1_0.updated_at,
        rr1_0.user_content,
        rr1_0.user_created_at 
    from
        reply_request rr1_0 
    where
        rr1_0.request_id=? 
        and rr1_0.parent_id is null 
    order by
        rr1_0.created_at desc
2025-11-05 21:09:08 [http-nio-8080-exec-5] DEBUG o.s.w.s.v.ContentNegotiatingViewResolver - Selected 'text/html' given [text/html, application/xhtml+xml, image/avif, image/webp, image/apng, application/xml;q=0.9, */*;q=0.8, application/signed-exchange;v=b3;q=0.7]
2025-11-05 21:09:08 [http-nio-8080-exec-5] DEBUG o.s.web.servlet.view.JstlView - View name [mypage/order-detail], model {message=의뢰가 성공적으로 수정되었습니다., request=com.shinki.shinki.entity.Request@3cc04231, userComments=[], org.springframework.validation.BindingResult.request=org.springframework.validation.BeanPropertyBindingResult: 0 errors}
2025-11-05 21:09:08 [http-nio-8080-exec-5] DEBUG o.s.web.servlet.view.JstlView - Forwarding to [/WEB-INF/views/mypage/order-detail.jsp]
2025-11-05 21:09:12 [http-nio-8080-exec-6] DEBUG org.hibernate.SQL - 
    select
        m1_0.id,
        m1_0.address,
        m1_0.address_etc,
        m1_0.created_at,
        m1_0.department,
        m1_0.email,
        m1_0.hospital_name,
        m1_0.memo,
        m1_0.name,
        m1_0.password,
        m1_0.phone,
        m1_0.recommend_code,
        m1_0.recommended_employee,
        m1_0.status,
        m1_0.updated_at,
        m1_0.username,
        m1_0.visit_num 
    from
        member m1_0 
    where
        m1_0.username=?
2025-11-05 21:09:12 [http-nio-8080-exec-6] DEBUG org.hibernate.SQL - 
    select
        r1_0.id,
        r1_0.admin_file_path,
        r1_0.application_type,
        r1_0.content,
        r1_0.created_at,
        r1_0.file_path,
        r1_0.member_id,
        m1_0.id,
        m1_0.address,
        m1_0.address_etc,
        m1_0.created_at,
        m1_0.department,
        m1_0.email,
        m1_0.hospital_name,
        m1_0.memo,
        m1_0.name,
        m1_0.password,
        m1_0.phone,
        m1_0.recommend_code,
        m1_0.recommended_employee,
        m1_0.status,
        m1_0.updated_at,
        m1_0.username,
        m1_0.visit_num,
        r1_0.money,
        r1_0.payment_amount,
        r1_0.payment_method,
        r1_0.payment_status,
        r1_0.privacy_agreed,
        r1_0.privacy_agreement,
        r1_0.reg_condition,
        r1_0.status,
        r1_0.status_cancel,
        r1_0.title,
        r1_0.updated_at 
    from
        request r1_0 
    left join
        member m1_0 
            on m1_0.id=r1_0.member_id 
    where
        r1_0.id=?
2025-11-05 21:09:12 [http-nio-8080-exec-6] DEBUG o.s.w.s.v.ContentNegotiatingViewResolver - Selected 'text/html' given [text/html, application/xhtml+xml, image/avif, image/webp, image/apng, application/xml;q=0.9, */*;q=0.8, application/signed-exchange;v=b3;q=0.7]
2025-11-05 21:09:12 [http-nio-8080-exec-6] DEBUG o.s.web.servlet.view.JstlView - View name [mypage/edit-request], model {memberId=123, request=com.shinki.shinki.entity.Request@7b8603fd, org.springframework.validation.BindingResult.request=org.springframework.validation.BeanPropertyBindingResult: 0 errors}
2025-11-05 21:09:12 [http-nio-8080-exec-6] DEBUG o.s.web.servlet.view.JstlView - Forwarding to [/WEB-INF/views/mypage/edit-request.jsp]
2025-11-05 21:09:20 [http-nio-8080-exec-8] DEBUG org.hibernate.SQL - 
    select
        r1_0.id,
        r1_0.admin_file_path,
        r1_0.application_type,
        r1_0.content,
        r1_0.created_at,
        r1_0.file_path,
        r1_0.member_id,
        m1_0.id,
        m1_0.address,
        m1_0.address_etc,
        m1_0.created_at,
        m1_0.department,
        m1_0.email,
        m1_0.hospital_name,
        m1_0.memo,
        m1_0.name,
        m1_0.password,
        m1_0.phone,
        m1_0.recommend_code,
        m1_0.recommended_employee,
        m1_0.status,
        m1_0.updated_at,
        m1_0.username,
        m1_0.visit_num,
        r1_0.money,
        r1_0.payment_amount,
        r1_0.payment_method,
        r1_0.payment_status,
        r1_0.privacy_agreed,
        r1_0.privacy_agreement,
        r1_0.reg_condition,
        r1_0.status,
        r1_0.status_cancel,
        r1_0.title,
        r1_0.updated_at 
    from
        request r1_0 
    left join
        member m1_0 
            on m1_0.id=r1_0.member_id 
    where
        r1_0.id=?
2025-11-05 21:09:20 [http-nio-8080-exec-8] DEBUG org.hibernate.SQL - 
    select
        m1_0.id,
        m1_0.address,
        m1_0.address_etc,
        m1_0.created_at,
        m1_0.department,
        m1_0.email,
        m1_0.hospital_name,
        m1_0.memo,
        m1_0.name,
        m1_0.password,
        m1_0.phone,
        m1_0.recommend_code,
        m1_0.recommended_employee,
        m1_0.status,
        m1_0.updated_at,
        m1_0.username,
        m1_0.visit_num 
    from
        member m1_0 
    where
        m1_0.username=?
2025-11-05 21:09:20 [http-nio-8080-exec-8] DEBUG org.hibernate.SQL - 
    update
        request 
    set
        admin_file_path=?,
        application_type=?,
        content=?,
        created_at=?,
        file_path=?,
        member_id=?,
        money=?,
        payment_amount=?,
        payment_method=?,
        payment_status=?,
        privacy_agreed=?,
        privacy_agreement=?,
        reg_condition=?,
        status=?,
        status_cancel=?,
        title=?,
        updated_at=? 
    where
        id=?
2025-11-05 21:09:21 [http-nio-8080-exec-8] DEBUG o.s.web.servlet.view.RedirectView - View name [redirect:], model {}
2025-11-05 21:09:21 [http-nio-8080-exec-9] DEBUG org.hibernate.SQL - 
    select
        r1_0.id,
        r1_0.admin_file_path,
        r1_0.application_type,
        r1_0.content,
        r1_0.created_at,
        r1_0.file_path,
        r1_0.member_id,
        m1_0.id,
        m1_0.address,
        m1_0.address_etc,
        m1_0.created_at,
        m1_0.department,
        m1_0.email,
        m1_0.hospital_name,
        m1_0.memo,
        m1_0.name,
        m1_0.password,
        m1_0.phone,
        m1_0.recommend_code,
        m1_0.recommended_employee,
        m1_0.status,
        m1_0.updated_at,
        m1_0.username,
        m1_0.visit_num,
        r1_0.money,
        r1_0.payment_amount,
        r1_0.payment_method,
        r1_0.payment_status,
        r1_0.privacy_agreed,
        r1_0.privacy_agreement,
        r1_0.reg_condition,
        r1_0.status,
        r1_0.status_cancel,
        r1_0.title,
        r1_0.updated_at 
    from
        request r1_0 
    left join
        member m1_0 
            on m1_0.id=r1_0.member_id 
    where
        r1_0.id=?
2025-11-05 21:09:21 [http-nio-8080-exec-9] DEBUG org.hibernate.SQL - 
    select
        rr1_0.id,
        rr1_0.admin_no,
        rr1_0.admin_content,
        rr1_0.admin_created_at,
        rr1_0.created_at,
        rr1_0.member_id,
        rr1_0.parent_id,
        rr1_0.request_id,
        rr1_0.updated_at,
        rr1_0.user_content,
        rr1_0.user_created_at 
    from
        reply_request rr1_0 
    where
        rr1_0.request_id=? 
        and rr1_0.parent_id is null 
    order by
        rr1_0.created_at desc
2025-11-05 21:09:21 [http-nio-8080-exec-9] DEBUG o.s.w.s.v.ContentNegotiatingViewResolver - Selected 'text/html' given [text/html, application/xhtml+xml, image/avif, image/webp, image/apng, application/xml;q=0.9, */*;q=0.8, application/signed-exchange;v=b3;q=0.7]
2025-11-05 21:09:21 [http-nio-8080-exec-9] DEBUG o.s.web.servlet.view.JstlView - View name [mypage/order-detail], model {message=의뢰가 성공적으로 수정되었습니다., request=com.shinki.shinki.entity.Request@40269e48, userComments=[], org.springframework.validation.BindingResult.request=org.springframework.validation.BeanPropertyBindingResult: 0 errors}
2025-11-05 21:09:21 [http-nio-8080-exec-9] DEBUG o.s.web.servlet.view.JstlView - Forwarding to [/WEB-INF/views/mypage/order-detail.jsp]
2025-11-05 21:10:10 [http-nio-8080-exec-3] DEBUG org.hibernate.SQL - 
    select
        m1_0.id,
        m1_0.address,
        m1_0.address_etc,
        m1_0.created_at,
        m1_0.department,
        m1_0.email,
        m1_0.hospital_name,
        m1_0.memo,
        m1_0.name,
        m1_0.password,
        m1_0.phone,
        m1_0.recommend_code,
        m1_0.recommended_employee,
        m1_0.status,
        m1_0.updated_at,
        m1_0.username,
        m1_0.visit_num 
    from
        member m1_0 
    where
        m1_0.username=?
2025-11-05 21:10:11 [http-nio-8080-exec-3] DEBUG org.hibernate.SQL - 
    select
        r1_0.id,
        r1_0.admin_file_path,
        r1_0.application_type,
        r1_0.content,
        r1_0.created_at,
        r1_0.file_path,
        r1_0.member_id,
        m1_0.id,
        m1_0.address,
        m1_0.address_etc,
        m1_0.created_at,
        m1_0.department,
        m1_0.email,
        m1_0.hospital_name,
        m1_0.memo,
        m1_0.name,
        m1_0.password,
        m1_0.phone,
        m1_0.recommend_code,
        m1_0.recommended_employee,
        m1_0.status,
        m1_0.updated_at,
        m1_0.username,
        m1_0.visit_num,
        r1_0.money,
        r1_0.payment_amount,
        r1_0.payment_method,
        r1_0.payment_status,
        r1_0.privacy_agreed,
        r1_0.privacy_agreement,
        r1_0.reg_condition,
        r1_0.status,
        r1_0.status_cancel,
        r1_0.title,
        r1_0.updated_at 
    from
        request r1_0 
    left join
        member m1_0 
            on m1_0.id=r1_0.member_id 
    where
        r1_0.id=?
2025-11-05 21:10:11 [http-nio-8080-exec-3] DEBUG o.s.w.s.v.ContentNegotiatingViewResolver - Selected 'text/html' given [text/html, application/xhtml+xml, image/avif, image/webp, image/apng, application/xml;q=0.9, */*;q=0.8, application/signed-exchange;v=b3;q=0.7]
2025-11-05 21:10:11 [http-nio-8080-exec-3] DEBUG o.s.web.servlet.view.JstlView - View name [mypage/edit-request], model {memberId=123, request=com.shinki.shinki.entity.Request@78130be, org.springframework.validation.BindingResult.request=org.springframework.validation.BeanPropertyBindingResult: 0 errors}
2025-11-05 21:10:11 [http-nio-8080-exec-3] DEBUG o.s.web.servlet.view.JstlView - Forwarding to [/WEB-INF/views/mypage/edit-request.jsp]
2025-11-05 21:10:21 [http-nio-8080-exec-5] DEBUG org.hibernate.SQL - 
    select
        r1_0.id,
        r1_0.admin_file_path,
        r1_0.application_type,
        r1_0.content,
        r1_0.created_at,
        r1_0.file_path,
        r1_0.member_id,
        m1_0.id,
        m1_0.address,
        m1_0.address_etc,
        m1_0.created_at,
        m1_0.department,
        m1_0.email,
        m1_0.hospital_name,
        m1_0.memo,
        m1_0.name,
        m1_0.password,
        m1_0.phone,
        m1_0.recommend_code,
        m1_0.recommended_employee,
        m1_0.status,
        m1_0.updated_at,
        m1_0.username,
        m1_0.visit_num,
        r1_0.money,
        r1_0.payment_amount,
        r1_0.payment_method,
        r1_0.payment_status,
        r1_0.privacy_agreed,
        r1_0.privacy_agreement,
        r1_0.reg_condition,
        r1_0.status,
        r1_0.status_cancel,
        r1_0.title,
        r1_0.updated_at 
    from
        request r1_0 
    left join
        member m1_0 
            on m1_0.id=r1_0.member_id 
    where
        r1_0.id=?
2025-11-05 21:10:21 [http-nio-8080-exec-5] DEBUG org.hibernate.SQL - 
    select
        m1_0.id,
        m1_0.address,
        m1_0.address_etc,
        m1_0.created_at,
        m1_0.department,
        m1_0.email,
        m1_0.hospital_name,
        m1_0.memo,
        m1_0.name,
        m1_0.password,
        m1_0.phone,
        m1_0.recommend_code,
        m1_0.recommended_employee,
        m1_0.status,
        m1_0.updated_at,
        m1_0.username,
        m1_0.visit_num 
    from
        member m1_0 
    where
        m1_0.username=?
2025-11-05 21:10:22 [http-nio-8080-exec-5] DEBUG org.hibernate.SQL - 
    update
        request 
    set
        admin_file_path=?,
        application_type=?,
        content=?,
        created_at=?,
        file_path=?,
        member_id=?,
        money=?,
        payment_amount=?,
        payment_method=?,
        payment_status=?,
        privacy_agreed=?,
        privacy_agreement=?,
        reg_condition=?,
        status=?,
        status_cancel=?,
        title=?,
        updated_at=? 
    where
        id=?
2025-11-05 21:10:22 [http-nio-8080-exec-5] DEBUG o.s.web.servlet.view.RedirectView - View name [redirect:], model {}
2025-11-05 21:10:22 [http-nio-8080-exec-7] DEBUG org.hibernate.SQL - 
    select
        r1_0.id,
        r1_0.admin_file_path,
        r1_0.application_type,
        r1_0.content,
        r1_0.created_at,
        r1_0.file_path,
        r1_0.member_id,
        m1_0.id,
        m1_0.address,
        m1_0.address_etc,
        m1_0.created_at,
        m1_0.department,
        m1_0.email,
        m1_0.hospital_name,
        m1_0.memo,
        m1_0.name,
        m1_0.password,
        m1_0.phone,
        m1_0.recommend_code,
        m1_0.recommended_employee,
        m1_0.status,
        m1_0.updated_at,
        m1_0.username,
        m1_0.visit_num,
        r1_0.money,
        r1_0.payment_amount,
        r1_0.payment_method,
        r1_0.payment_status,
        r1_0.privacy_agreed,
        r1_0.privacy_agreement,
        r1_0.reg_condition,
        r1_0.status,
        r1_0.status_cancel,
        r1_0.title,
        r1_0.updated_at 
    from
        request r1_0 
    left join
        member m1_0 
            on m1_0.id=r1_0.member_id 
    where
        r1_0.id=?
2025-11-05 21:10:22 [http-nio-8080-exec-7] DEBUG org.hibernate.SQL - 
    select
        rr1_0.id,
        rr1_0.admin_no,
        rr1_0.admin_content,
        rr1_0.admin_created_at,
        rr1_0.created_at,
        rr1_0.member_id,
        rr1_0.parent_id,
        rr1_0.request_id,
        rr1_0.updated_at,
        rr1_0.user_content,
        rr1_0.user_created_at 
    from
        reply_request rr1_0 
    where
        rr1_0.request_id=? 
        and rr1_0.parent_id is null 
    order by
        rr1_0.created_at desc
2025-11-05 21:10:22 [http-nio-8080-exec-7] DEBUG o.s.w.s.v.ContentNegotiatingViewResolver - Selected 'text/html' given [text/html, application/xhtml+xml, image/avif, image/webp, image/apng, application/xml;q=0.9, */*;q=0.8, application/signed-exchange;v=b3;q=0.7]
2025-11-05 21:10:22 [http-nio-8080-exec-7] DEBUG o.s.web.servlet.view.JstlView - View name [mypage/order-detail], model {message=의뢰가 성공적으로 수정되었습니다., request=com.shinki.shinki.entity.Request@79e0b023, userComments=[], org.springframework.validation.BindingResult.request=org.springframework.validation.BeanPropertyBindingResult: 0 errors}
2025-11-05 21:10:22 [http-nio-8080-exec-7] DEBUG o.s.web.servlet.view.JstlView - Forwarding to [/WEB-INF/views/mypage/order-detail.jsp]
2025-11-05 21:10:26 [http-nio-8080-exec-9] DEBUG org.hibernate.SQL - 
    select
        m1_0.id,
        m1_0.address,
        m1_0.address_etc,
        m1_0.created_at,
        m1_0.department,
        m1_0.email,
        m1_0.hospital_name,
        m1_0.memo,
        m1_0.name,
        m1_0.password,
        m1_0.phone,
        m1_0.recommend_code,
        m1_0.recommended_employee,
        m1_0.status,
        m1_0.updated_at,
        m1_0.username,
        m1_0.visit_num 
    from
        member m1_0 
    where
        m1_0.username=?
2025-11-05 21:10:26 [http-nio-8080-exec-9] DEBUG org.hibernate.SQL - 
    select
        r1_0.id,
        r1_0.admin_file_path,
        r1_0.application_type,
        r1_0.content,
        r1_0.created_at,
        r1_0.file_path,
        r1_0.member_id,
        m1_0.id,
        m1_0.address,
        m1_0.address_etc,
        m1_0.created_at,
        m1_0.department,
        m1_0.email,
        m1_0.hospital_name,
        m1_0.memo,
        m1_0.name,
        m1_0.password,
        m1_0.phone,
        m1_0.recommend_code,
        m1_0.recommended_employee,
        m1_0.status,
        m1_0.updated_at,
        m1_0.username,
        m1_0.visit_num,
        r1_0.money,
        r1_0.payment_amount,
        r1_0.payment_method,
        r1_0.payment_status,
        r1_0.privacy_agreed,
        r1_0.privacy_agreement,
        r1_0.reg_condition,
        r1_0.status,
        r1_0.status_cancel,
        r1_0.title,
        r1_0.updated_at 
    from
        request r1_0 
    left join
        member m1_0 
            on m1_0.id=r1_0.member_id 
    where
        r1_0.id=?
2025-11-05 21:10:26 [http-nio-8080-exec-9] DEBUG o.s.w.s.v.ContentNegotiatingViewResolver - Selected 'text/html' given [text/html, application/xhtml+xml, image/avif, image/webp, image/apng, application/xml;q=0.9, */*;q=0.8, application/signed-exchange;v=b3;q=0.7]
2025-11-05 21:10:26 [http-nio-8080-exec-9] DEBUG o.s.web.servlet.view.JstlView - View name [mypage/edit-request], model {memberId=123, request=com.shinki.shinki.entity.Request@4b9c003f, org.springframework.validation.BindingResult.request=org.springframework.validation.BeanPropertyBindingResult: 0 errors}
2025-11-05 21:10:26 [http-nio-8080-exec-9] DEBUG o.s.web.servlet.view.JstlView - Forwarding to [/WEB-INF/views/mypage/edit-request.jsp]
2025-11-05 21:10:39 [http-nio-8080-exec-3] DEBUG org.hibernate.SQL - 
    select
        r1_0.id,
        r1_0.admin_file_path,
        r1_0.application_type,
        r1_0.content,
        r1_0.created_at,
        r1_0.file_path,
        r1_0.member_id,
        m1_0.id,
        m1_0.address,
        m1_0.address_etc,
        m1_0.created_at,
        m1_0.department,
        m1_0.email,
        m1_0.hospital_name,
        m1_0.memo,
        m1_0.name,
        m1_0.password,
        m1_0.phone,
        m1_0.recommend_code,
        m1_0.recommended_employee,
        m1_0.status,
        m1_0.updated_at,
        m1_0.username,
        m1_0.visit_num,
        r1_0.money,
        r1_0.payment_amount,
        r1_0.payment_method,
        r1_0.payment_status,
        r1_0.privacy_agreed,
        r1_0.privacy_agreement,
        r1_0.reg_condition,
        r1_0.status,
        r1_0.status_cancel,
        r1_0.title,
        r1_0.updated_at 
    from
        request r1_0 
    left join
        member m1_0 
            on m1_0.id=r1_0.member_id 
    where
        r1_0.id=?
2025-11-05 21:10:39 [http-nio-8080-exec-3] DEBUG org.hibernate.SQL - 
    select
        m1_0.id,
        m1_0.address,
        m1_0.address_etc,
        m1_0.created_at,
        m1_0.department,
        m1_0.email,
        m1_0.hospital_name,
        m1_0.memo,
        m1_0.name,
        m1_0.password,
        m1_0.phone,
        m1_0.recommend_code,
        m1_0.recommended_employee,
        m1_0.status,
        m1_0.updated_at,
        m1_0.username,
        m1_0.visit_num 
    from
        member m1_0 
    where
        m1_0.username=?
2025-11-05 21:10:39 [http-nio-8080-exec-3] DEBUG org.hibernate.SQL - 
    update
        request 
    set
        admin_file_path=?,
        application_type=?,
        content=?,
        created_at=?,
        file_path=?,
        member_id=?,
        money=?,
        payment_amount=?,
        payment_method=?,
        payment_status=?,
        privacy_agreed=?,
        privacy_agreement=?,
        reg_condition=?,
        status=?,
        status_cancel=?,
        title=?,
        updated_at=? 
    where
        id=?
2025-11-05 21:10:39 [http-nio-8080-exec-3] DEBUG o.s.web.servlet.view.RedirectView - View name [redirect:], model {}
2025-11-05 21:10:39 [http-nio-8080-exec-2] DEBUG org.hibernate.SQL - 
    select
        r1_0.id,
        r1_0.admin_file_path,
        r1_0.application_type,
        r1_0.content,
        r1_0.created_at,
        r1_0.file_path,
        r1_0.member_id,
        m1_0.id,
        m1_0.address,
        m1_0.address_etc,
        m1_0.created_at,
        m1_0.department,
        m1_0.email,
        m1_0.hospital_name,
        m1_0.memo,
        m1_0.name,
        m1_0.password,
        m1_0.phone,
        m1_0.recommend_code,
        m1_0.recommended_employee,
        m1_0.status,
        m1_0.updated_at,
        m1_0.username,
        m1_0.visit_num,
        r1_0.money,
        r1_0.payment_amount,
        r1_0.payment_method,
        r1_0.payment_status,
        r1_0.privacy_agreed,
        r1_0.privacy_agreement,
        r1_0.reg_condition,
        r1_0.status,
        r1_0.status_cancel,
        r1_0.title,
        r1_0.updated_at 
    from
        request r1_0 
    left join
        member m1_0 
            on m1_0.id=r1_0.member_id 
    where
        r1_0.id=?
2025-11-05 21:10:39 [http-nio-8080-exec-2] DEBUG org.hibernate.SQL - 
    select
        rr1_0.id,
        rr1_0.admin_no,
        rr1_0.admin_content,
        rr1_0.admin_created_at,
        rr1_0.created_at,
        rr1_0.member_id,
        rr1_0.parent_id,
        rr1_0.request_id,
        rr1_0.updated_at,
        rr1_0.user_content,
        rr1_0.user_created_at 
    from
        reply_request rr1_0 
    where
        rr1_0.request_id=? 
        and rr1_0.parent_id is null 
    order by
        rr1_0.created_at desc
2025-11-05 21:10:39 [http-nio-8080-exec-2] DEBUG o.s.w.s.v.ContentNegotiatingViewResolver - Selected 'text/html' given [text/html, application/xhtml+xml, image/avif, image/webp, image/apng, application/xml;q=0.9, */*;q=0.8, application/signed-exchange;v=b3;q=0.7]
2025-11-05 21:10:39 [http-nio-8080-exec-2] DEBUG o.s.web.servlet.view.JstlView - View name [mypage/order-detail], model {message=의뢰가 성공적으로 수정되었습니다., request=com.shinki.shinki.entity.Request@3c43d76e, userComments=[], org.springframework.validation.BindingResult.request=org.springframework.validation.BeanPropertyBindingResult: 0 errors}
2025-11-05 21:10:39 [http-nio-8080-exec-2] DEBUG o.s.web.servlet.view.JstlView - Forwarding to [/WEB-INF/views/mypage/order-detail.jsp]
2025-11-05 21:11:19 [http-nio-8080-exec-7] DEBUG org.hibernate.SQL - 
    select
        m1_0.id,
        m1_0.address,
        m1_0.address_etc,
        m1_0.created_at,
        m1_0.department,
        m1_0.email,
        m1_0.hospital_name,
        m1_0.memo,
        m1_0.name,
        m1_0.password,
        m1_0.phone,
        m1_0.recommend_code,
        m1_0.recommended_employee,
        m1_0.status,
        m1_0.updated_at,
        m1_0.username,
        m1_0.visit_num 
    from
        member m1_0 
    where
        m1_0.username=?
2025-11-05 21:11:19 [http-nio-8080-exec-7] DEBUG org.hibernate.SQL - 
    select
        r1_0.id,
        r1_0.admin_file_path,
        r1_0.application_type,
        r1_0.content,
        r1_0.created_at,
        r1_0.file_path,
        r1_0.member_id,
        m1_0.id,
        m1_0.address,
        m1_0.address_etc,
        m1_0.created_at,
        m1_0.department,
        m1_0.email,
        m1_0.hospital_name,
        m1_0.memo,
        m1_0.name,
        m1_0.password,
        m1_0.phone,
        m1_0.recommend_code,
        m1_0.recommended_employee,
        m1_0.status,
        m1_0.updated_at,
        m1_0.username,
        m1_0.visit_num,
        r1_0.money,
        r1_0.payment_amount,
        r1_0.payment_method,
        r1_0.payment_status,
        r1_0.privacy_agreed,
        r1_0.privacy_agreement,
        r1_0.reg_condition,
        r1_0.status,
        r1_0.status_cancel,
        r1_0.title,
        r1_0.updated_at 
    from
        request r1_0 
    left join
        member m1_0 
            on m1_0.id=r1_0.member_id 
    where
        r1_0.id=?
2025-11-05 21:11:19 [http-nio-8080-exec-7] DEBUG o.s.w.s.v.ContentNegotiatingViewResolver - Selected 'text/html' given [text/html, application/xhtml+xml, image/avif, image/webp, image/apng, application/xml;q=0.9, */*;q=0.8, application/signed-exchange;v=b3;q=0.7]
2025-11-05 21:11:19 [http-nio-8080-exec-7] DEBUG o.s.web.servlet.view.JstlView - View name [mypage/edit-request], model {memberId=123, request=com.shinki.shinki.entity.Request@6ae6fca3, org.springframework.validation.BindingResult.request=org.springframework.validation.BeanPropertyBindingResult: 0 errors}
2025-11-05 21:11:19 [http-nio-8080-exec-7] DEBUG o.s.web.servlet.view.JstlView - Forwarding to [/WEB-INF/views/mypage/edit-request.jsp]
2025-11-05 21:11:27 [http-nio-8080-exec-9] DEBUG org.hibernate.SQL - 
    select
        r1_0.id,
        r1_0.admin_file_path,
        r1_0.application_type,
        r1_0.content,
        r1_0.created_at,
        r1_0.file_path,
        r1_0.member_id,
        m1_0.id,
        m1_0.address,
        m1_0.address_etc,
        m1_0.created_at,
        m1_0.department,
        m1_0.email,
        m1_0.hospital_name,
        m1_0.memo,
        m1_0.name,
        m1_0.password,
        m1_0.phone,
        m1_0.recommend_code,
        m1_0.recommended_employee,
        m1_0.status,
        m1_0.updated_at,
        m1_0.username,
        m1_0.visit_num,
        r1_0.money,
        r1_0.payment_amount,
        r1_0.payment_method,
        r1_0.payment_status,
        r1_0.privacy_agreed,
        r1_0.privacy_agreement,
        r1_0.reg_condition,
        r1_0.status,
        r1_0.status_cancel,
        r1_0.title,
        r1_0.updated_at 
    from
        request r1_0 
    left join
        member m1_0 
            on m1_0.id=r1_0.member_id 
    where
        r1_0.id=?
2025-11-05 21:11:27 [http-nio-8080-exec-9] DEBUG org.hibernate.SQL - 
    select
        m1_0.id,
        m1_0.address,
        m1_0.address_etc,
        m1_0.created_at,
        m1_0.department,
        m1_0.email,
        m1_0.hospital_name,
        m1_0.memo,
        m1_0.name,
        m1_0.password,
        m1_0.phone,
        m1_0.recommend_code,
        m1_0.recommended_employee,
        m1_0.status,
        m1_0.updated_at,
        m1_0.username,
        m1_0.visit_num 
    from
        member m1_0 
    where
        m1_0.username=?
2025-11-05 21:11:27 [http-nio-8080-exec-9] DEBUG org.hibernate.SQL - 
    update
        request 
    set
        admin_file_path=?,
        application_type=?,
        content=?,
        created_at=?,
        file_path=?,
        member_id=?,
        money=?,
        payment_amount=?,
        payment_method=?,
        payment_status=?,
        privacy_agreed=?,
        privacy_agreement=?,
        reg_condition=?,
        status=?,
        status_cancel=?,
        title=?,
        updated_at=? 
    where
        id=?
2025-11-05 21:11:27 [http-nio-8080-exec-9] DEBUG o.s.web.servlet.view.RedirectView - View name [redirect:], model {}
2025-11-05 21:11:27 [http-nio-8080-exec-10] DEBUG org.hibernate.SQL - 
    select
        r1_0.id,
        r1_0.admin_file_path,
        r1_0.application_type,
        r1_0.content,
        r1_0.created_at,
        r1_0.file_path,
        r1_0.member_id,
        m1_0.id,
        m1_0.address,
        m1_0.address_etc,
        m1_0.created_at,
        m1_0.department,
        m1_0.email,
        m1_0.hospital_name,
        m1_0.memo,
        m1_0.name,
        m1_0.password,
        m1_0.phone,
        m1_0.recommend_code,
        m1_0.recommended_employee,
        m1_0.status,
        m1_0.updated_at,
        m1_0.username,
        m1_0.visit_num,
        r1_0.money,
        r1_0.payment_amount,
        r1_0.payment_method,
        r1_0.payment_status,
        r1_0.privacy_agreed,
        r1_0.privacy_agreement,
        r1_0.reg_condition,
        r1_0.status,
        r1_0.status_cancel,
        r1_0.title,
        r1_0.updated_at 
    from
        request r1_0 
    left join
        member m1_0 
            on m1_0.id=r1_0.member_id 
    where
        r1_0.id=?
2025-11-05 21:11:27 [http-nio-8080-exec-10] DEBUG org.hibernate.SQL - 
    select
        rr1_0.id,
        rr1_0.admin_no,
        rr1_0.admin_content,
        rr1_0.admin_created_at,
        rr1_0.created_at,
        rr1_0.member_id,
        rr1_0.parent_id,
        rr1_0.request_id,
        rr1_0.updated_at,
        rr1_0.user_content,
        rr1_0.user_created_at 
    from
        reply_request rr1_0 
    where
        rr1_0.request_id=? 
        and rr1_0.parent_id is null 
    order by
        rr1_0.created_at desc
2025-11-05 21:11:27 [http-nio-8080-exec-10] DEBUG o.s.w.s.v.ContentNegotiatingViewResolver - Selected 'text/html' given [text/html, application/xhtml+xml, image/avif, image/webp, image/apng, application/xml;q=0.9, */*;q=0.8, application/signed-exchange;v=b3;q=0.7]
2025-11-05 21:11:27 [http-nio-8080-exec-10] DEBUG o.s.web.servlet.view.JstlView - View name [mypage/order-detail], model {message=의뢰가 성공적으로 수정되었습니다., request=com.shinki.shinki.entity.Request@394f1d8e, userComments=[], org.springframework.validation.BindingResult.request=org.springframework.validation.BeanPropertyBindingResult: 0 errors}
2025-11-05 21:11:27 [http-nio-8080-exec-10] DEBUG o.s.web.servlet.view.JstlView - Forwarding to [/WEB-INF/views/mypage/order-detail.jsp]
2025-11-05 21:11:34 [http-nio-8080-exec-2] DEBUG org.hibernate.SQL - 
    select
        m1_0.id,
        m1_0.address,
        m1_0.address_etc,
        m1_0.created_at,
        m1_0.department,
        m1_0.email,
        m1_0.hospital_name,
        m1_0.memo,
        m1_0.name,
        m1_0.password,
        m1_0.phone,
        m1_0.recommend_code,
        m1_0.recommended_employee,
        m1_0.status,
        m1_0.updated_at,
        m1_0.username,
        m1_0.visit_num 
    from
        member m1_0 
    where
        m1_0.username=?
2025-11-05 21:11:34 [http-nio-8080-exec-2] DEBUG org.hibernate.SQL - 
    select
        r1_0.id,
        r1_0.admin_file_path,
        r1_0.application_type,
        r1_0.content,
        r1_0.created_at,
        r1_0.file_path,
        r1_0.member_id,
        m1_0.id,
        m1_0.address,
        m1_0.address_etc,
        m1_0.created_at,
        m1_0.department,
        m1_0.email,
        m1_0.hospital_name,
        m1_0.memo,
        m1_0.name,
        m1_0.password,
        m1_0.phone,
        m1_0.recommend_code,
        m1_0.recommended_employee,
        m1_0.status,
        m1_0.updated_at,
        m1_0.username,
        m1_0.visit_num,
        r1_0.money,
        r1_0.payment_amount,
        r1_0.payment_method,
        r1_0.payment_status,
        r1_0.privacy_agreed,
        r1_0.privacy_agreement,
        r1_0.reg_condition,
        r1_0.status,
        r1_0.status_cancel,
        r1_0.title,
        r1_0.updated_at 
    from
        request r1_0 
    left join
        member m1_0 
            on m1_0.id=r1_0.member_id 
    where
        r1_0.id=?
2025-11-05 21:11:35 [http-nio-8080-exec-2] DEBUG o.s.w.s.v.ContentNegotiatingViewResolver - Selected 'text/html' given [text/html, application/xhtml+xml, image/avif, image/webp, image/apng, application/xml;q=0.9, */*;q=0.8, application/signed-exchange;v=b3;q=0.7]
2025-11-05 21:11:35 [http-nio-8080-exec-2] DEBUG o.s.web.servlet.view.JstlView - View name [mypage/edit-request], model {memberId=123, request=com.shinki.shinki.entity.Request@4a6d2ac1, org.springframework.validation.BindingResult.request=org.springframework.validation.BeanPropertyBindingResult: 0 errors}
2025-11-05 21:11:35 [http-nio-8080-exec-2] DEBUG o.s.web.servlet.view.JstlView - Forwarding to [/WEB-INF/views/mypage/edit-request.jsp]
2025-11-05 21:11:46 [http-nio-8080-exec-7] DEBUG org.hibernate.SQL - 
    select
        r1_0.id,
        r1_0.admin_file_path,
        r1_0.application_type,
        r1_0.content,
        r1_0.created_at,
        r1_0.file_path,
        r1_0.member_id,
        m1_0.id,
        m1_0.address,
        m1_0.address_etc,
        m1_0.created_at,
        m1_0.department,
        m1_0.email,
        m1_0.hospital_name,
        m1_0.memo,
        m1_0.name,
        m1_0.password,
        m1_0.phone,
        m1_0.recommend_code,
        m1_0.recommended_employee,
        m1_0.status,
        m1_0.updated_at,
        m1_0.username,
        m1_0.visit_num,
        r1_0.money,
        r1_0.payment_amount,
        r1_0.payment_method,
        r1_0.payment_status,
        r1_0.privacy_agreed,
        r1_0.privacy_agreement,
        r1_0.reg_condition,
        r1_0.status,
        r1_0.status_cancel,
        r1_0.title,
        r1_0.updated_at 
    from
        request r1_0 
    left join
        member m1_0 
            on m1_0.id=r1_0.member_id 
    where
        r1_0.id=?
2025-11-05 21:11:46 [http-nio-8080-exec-7] DEBUG org.hibernate.SQL - 
    select
        m1_0.id,
        m1_0.address,
        m1_0.address_etc,
        m1_0.created_at,
        m1_0.department,
        m1_0.email,
        m1_0.hospital_name,
        m1_0.memo,
        m1_0.name,
        m1_0.password,
        m1_0.phone,
        m1_0.recommend_code,
        m1_0.recommended_employee,
        m1_0.status,
        m1_0.updated_at,
        m1_0.username,
        m1_0.visit_num 
    from
        member m1_0 
    where
        m1_0.username=?
2025-11-05 21:11:47 [http-nio-8080-exec-7] DEBUG org.hibernate.SQL - 
    update
        request 
    set
        admin_file_path=?,
        application_type=?,
        content=?,
        created_at=?,
        file_path=?,
        member_id=?,
        money=?,
        payment_amount=?,
        payment_method=?,
        payment_status=?,
        privacy_agreed=?,
        privacy_agreement=?,
        reg_condition=?,
        status=?,
        status_cancel=?,
        title=?,
        updated_at=? 
    where
        id=?
2025-11-05 21:11:47 [http-nio-8080-exec-7] DEBUG o.s.web.servlet.view.RedirectView - View name [redirect:], model {}
2025-11-05 21:11:47 [http-nio-8080-exec-6] DEBUG org.hibernate.SQL - 
    select
        r1_0.id,
        r1_0.admin_file_path,
        r1_0.application_type,
        r1_0.content,
        r1_0.created_at,
        r1_0.file_path,
        r1_0.member_id,
        m1_0.id,
        m1_0.address,
        m1_0.address_etc,
        m1_0.created_at,
        m1_0.department,
        m1_0.email,
        m1_0.hospital_name,
        m1_0.memo,
        m1_0.name,
        m1_0.password,
        m1_0.phone,
        m1_0.recommend_code,
        m1_0.recommended_employee,
        m1_0.status,
        m1_0.updated_at,
        m1_0.username,
        m1_0.visit_num,
        r1_0.money,
        r1_0.payment_amount,
        r1_0.payment_method,
        r1_0.payment_status,
        r1_0.privacy_agreed,
        r1_0.privacy_agreement,
        r1_0.reg_condition,
        r1_0.status,
        r1_0.status_cancel,
        r1_0.title,
        r1_0.updated_at 
    from
        request r1_0 
    left join
        member m1_0 
            on m1_0.id=r1_0.member_id 
    where
        r1_0.id=?
2025-11-05 21:11:47 [http-nio-8080-exec-6] DEBUG org.hibernate.SQL - 
    select
        rr1_0.id,
        rr1_0.admin_no,
        rr1_0.admin_content,
        rr1_0.admin_created_at,
        rr1_0.created_at,
        rr1_0.member_id,
        rr1_0.parent_id,
        rr1_0.request_id,
        rr1_0.updated_at,
        rr1_0.user_content,
        rr1_0.user_created_at 
    from
        reply_request rr1_0 
    where
        rr1_0.request_id=? 
        and rr1_0.parent_id is null 
    order by
        rr1_0.created_at desc
2025-11-05 21:11:47 [http-nio-8080-exec-6] DEBUG o.s.w.s.v.ContentNegotiatingViewResolver - Selected 'text/html' given [text/html, application/xhtml+xml, image/avif, image/webp, image/apng, application/xml;q=0.9, */*;q=0.8, application/signed-exchange;v=b3;q=0.7]
2025-11-05 21:11:47 [http-nio-8080-exec-6] DEBUG o.s.web.servlet.view.JstlView - View name [mypage/order-detail], model {message=의뢰가 성공적으로 수정되었습니다., request=com.shinki.shinki.entity.Request@5dbb0f3c, userComments=[], org.springframework.validation.BindingResult.request=org.springframework.validation.BeanPropertyBindingResult: 0 errors}
2025-11-05 21:11:47 [http-nio-8080-exec-6] DEBUG o.s.web.servlet.view.JstlView - Forwarding to [/WEB-INF/views/mypage/order-detail.jsp]
2025-11-05 21:15:40 [http-nio-8080-exec-10] DEBUG org.hibernate.SQL - 
    select
        r1_0.id,
        r1_0.admin_file_path,
        r1_0.application_type,
        r1_0.content,
        r1_0.created_at,
        r1_0.file_path,
        r1_0.member_id,
        m1_0.id,
        m1_0.address,
        m1_0.address_etc,
        m1_0.created_at,
        m1_0.department,
        m1_0.email,
        m1_0.hospital_name,
        m1_0.memo,
        m1_0.name,
        m1_0.password,
        m1_0.phone,
        m1_0.recommend_code,
        m1_0.recommended_employee,
        m1_0.status,
        m1_0.updated_at,
        m1_0.username,
        m1_0.visit_num,
        r1_0.money,
        r1_0.payment_amount,
        r1_0.payment_method,
        r1_0.payment_status,
        r1_0.privacy_agreed,
        r1_0.privacy_agreement,
        r1_0.reg_condition,
        r1_0.status,
        r1_0.status_cancel,
        r1_0.title,
        r1_0.updated_at 
    from
        request r1_0 
    left join
        member m1_0 
            on m1_0.id=r1_0.member_id 
    where
        r1_0.id=?
2025-11-05 21:15:40 [http-nio-8080-exec-10] DEBUG org.hibernate.SQL - 
    select
        rr1_0.id,
        rr1_0.admin_no,
        rr1_0.admin_content,
        rr1_0.admin_created_at,
        rr1_0.created_at,
        rr1_0.member_id,
        rr1_0.parent_id,
        rr1_0.request_id,
        rr1_0.updated_at,
        rr1_0.user_content,
        rr1_0.user_created_at 
    from
        reply_request rr1_0 
    where
        rr1_0.request_id=? 
        and rr1_0.parent_id is null 
    order by
        rr1_0.created_at desc
2025-11-05 21:15:40 [http-nio-8080-exec-10] DEBUG o.s.w.s.v.ContentNegotiatingViewResolver - Selected 'text/html' given [text/html, application/xhtml+xml, image/avif, image/webp, image/apng, application/xml;q=0.9, */*;q=0.8, application/signed-exchange;v=b3;q=0.7]
2025-11-05 21:15:40 [http-nio-8080-exec-10] DEBUG o.s.web.servlet.view.JstlView - View name [mypage/order-detail], model {request=com.shinki.shinki.entity.Request@701f084c, userComments=[], org.springframework.validation.BindingResult.request=org.springframework.validation.BeanPropertyBindingResult: 0 errors}
2025-11-05 21:15:40 [http-nio-8080-exec-10] DEBUG o.s.web.servlet.view.JstlView - Forwarding to [/WEB-INF/views/mypage/order-detail.jsp]
2025-11-05 21:16:04 [http-nio-8080-exec-2] DEBUG o.s.web.servlet.view.RedirectView - View name [redirect:], model {}
2025-11-05 21:16:04 [http-nio-8080-exec-4] DEBUG o.s.w.s.v.ContentNegotiatingViewResolver - Selected 'text/html' given [text/html, application/xhtml+xml, image/avif, image/webp, image/apng, application/xml;q=0.9, */*;q=0.8, application/signed-exchange;v=b3;q=0.7]
2025-11-05 21:16:04 [http-nio-8080-exec-4] DEBUG o.s.web.servlet.view.JstlView - View name [mypage/login], model {redirectUrl=null}
2025-11-05 21:16:04 [http-nio-8080-exec-4] DEBUG o.s.web.servlet.view.JstlView - Forwarding to [/WEB-INF/views/mypage/login.jsp]
2025-11-05 21:16:10 [SpringApplicationShutdownHook] INFO  o.s.b.w.e.tomcat.GracefulShutdown - Commencing graceful shutdown. Waiting for active requests to complete
2025-11-05 21:16:10 [tomcat-shutdown] INFO  o.s.b.w.e.tomcat.GracefulShutdown - Graceful shutdown complete
2025-11-05 21:16:10 [SpringApplicationShutdownHook] INFO  o.s.o.j.LocalContainerEntityManagerFactoryBean - Closing JPA EntityManagerFactory for persistence unit 'default'
2025-11-05 21:16:10 [SpringApplicationShutdownHook] INFO  com.zaxxer.hikari.HikariDataSource - HikariPool-1 - Shutdown initiated...
2025-11-05 21:16:10 [SpringApplicationShutdownHook] INFO  com.zaxxer.hikari.HikariDataSource - HikariPool-1 - Shutdown completed.
2025-11-05 21:16:20 [restartedMain] INFO  com.shinki.shinki.ShinkiApplication - Starting ShinkiApplication using Java 21.0.7 with PID 4780 (D:\Project\Zetta_Git\shinki-new\target\classes started by zetta in D:\Project\Zetta_Git\shinki-new)
2025-11-05 21:16:20 [restartedMain] DEBUG com.shinki.shinki.ShinkiApplication - Running with Spring Boot v3.5.5, Spring v6.2.10
2025-11-05 21:16:20 [restartedMain] INFO  com.shinki.shinki.ShinkiApplication - No active profile set, falling back to 1 default profile: "default"
2025-11-05 21:16:20 [restartedMain] INFO  o.s.b.d.e.DevToolsPropertyDefaultsPostProcessor - Devtools property defaults active! Set 'spring.devtools.add-properties' to 'false' to disable
2025-11-05 21:16:20 [restartedMain] INFO  o.s.b.d.e.DevToolsPropertyDefaultsPostProcessor - For additional web related logging consider setting the 'logging.level.web' property to 'DEBUG'
2025-11-05 21:16:21 [restartedMain] INFO  o.s.d.r.c.RepositoryConfigurationDelegate - Bootstrapping Spring Data JPA repositories in DEFAULT mode.
2025-11-05 21:16:21 [restartedMain] INFO  o.s.d.r.c.RepositoryConfigurationDelegate - Finished Spring Data repository scanning in 94 ms. Found 7 JPA repository interfaces.
2025-11-05 21:16:22 [restartedMain] INFO  o.s.b.w.e.tomcat.TomcatWebServer - Tomcat initialized with port 8080 (http)
2025-11-05 21:16:22 [restartedMain] INFO  o.a.catalina.core.StandardService - Starting service [Tomcat]
2025-11-05 21:16:22 [restartedMain] INFO  o.a.catalina.core.StandardEngine - Starting Servlet engine: [Apache Tomcat/10.1.44]
2025-11-05 21:16:22 [restartedMain] INFO  o.apache.jasper.servlet.TldScanner - At least one JAR was scanned for TLDs yet contained no TLDs. Enable debug logging for this logger for a complete list of JARs that were scanned but no TLDs were found in them. Skipping unneeded JARs during scanning can improve startup time and JSP compilation time.
2025-11-05 21:16:22 [restartedMain] INFO  o.a.c.c.C.[Tomcat].[localhost].[/] - Initializing Spring embedded WebApplicationContext
2025-11-05 21:16:22 [restartedMain] INFO  o.s.b.w.s.c.ServletWebServerApplicationContext - Root WebApplicationContext: initialization completed in 2145 ms
2025-11-05 21:16:23 [restartedMain] INFO  com.zaxxer.hikari.HikariDataSource - HikariPool-1 - Starting...
2025-11-05 21:16:23 [restartedMain] INFO  com.zaxxer.hikari.pool.HikariPool - HikariPool-1 - Added connection com.mysql.cj.jdbc.ConnectionImpl@706bb2c8
2025-11-05 21:16:23 [restartedMain] INFO  com.zaxxer.hikari.HikariDataSource - HikariPool-1 - Start completed.
2025-11-05 21:16:23 [restartedMain] INFO  o.h.jpa.internal.util.LogHelper - HHH000204: Processing PersistenceUnitInfo [name: default]
2025-11-05 21:16:23 [restartedMain] INFO  org.hibernate.Version - HHH000412: Hibernate ORM core version 6.6.26.Final
2025-11-05 21:16:23 [restartedMain] INFO  o.h.c.i.RegionFactoryInitiator - HHH000026: Second-level cache disabled
2025-11-05 21:16:24 [restartedMain] INFO  o.s.o.j.p.SpringPersistenceUnitInfo - No LoadTimeWeaver setup: ignoring JPA class transformer
2025-11-05 21:16:24 [restartedMain] WARN  org.hibernate.orm.deprecation - HHH90000025: MySQLDialect does not need to be specified explicitly using 'hibernate.dialect' (remove the property setting and it will be selected by default)
2025-11-05 21:16:24 [restartedMain] INFO  o.hibernate.orm.connections.pooling - HHH10001005: Database info:
	Database JDBC URL [Connecting through datasource 'HikariDataSource (HikariPool-1)']
	Database driver: undefined/unknown
	Database version: 8.0.42
	Autocommit mode: undefined/unknown
	Isolation level: undefined/unknown
	Minimum pool size: undefined/unknown
	Maximum pool size: undefined/unknown
2025-11-05 21:16:26 [restartedMain] INFO  o.h.e.t.j.p.i.JtaPlatformInitiator - HHH000489: No JTA platform available (set 'hibernate.transaction.jta.platform' to enable JTA platform integration)
2025-11-05 21:16:26 [restartedMain] DEBUG org.hibernate.SQL - 
    alter table member 
       modify column status VARCHAR(1) DEFAULT 'Y' not null
2025-11-05 21:16:26 [restartedMain] INFO  o.s.o.j.LocalContainerEntityManagerFactoryBean - Initialized JPA EntityManagerFactory for persistence unit 'default'
2025-11-05 21:16:26 [restartedMain] INFO  o.s.d.j.r.query.QueryEnhancerFactory - Hibernate is in classpath; If applicable, HQL parser will be used.
2025-11-05 21:16:30 [restartedMain] WARN  o.s.b.a.o.j.JpaBaseConfiguration$JpaWebConfiguration - spring.jpa.open-in-view is enabled by default. Therefore, database queries may be performed during view rendering. Explicitly configure spring.jpa.open-in-view to disable this warning
2025-11-05 21:16:30 [restartedMain] INFO  o.s.b.a.w.s.WelcomePageHandlerMapping - Adding welcome page template: index
2025-11-05 21:16:30 [restartedMain] INFO  o.s.b.a.h.H2ConsoleAutoConfiguration - H2 console available at '/h2-console'. Database available at 'jdbc:mysql://localhost:3306/shinki?useSSL=false&serverTimezone=UTC&characterEncoding=UTF-8&allowPublicKeyRetrieval=true'
2025-11-05 21:16:30 [restartedMain] INFO  o.s.b.d.a.OptionalLiveReloadServer - LiveReload server is running on port 35729
2025-11-05 21:16:31 [restartedMain] INFO  o.s.b.w.e.tomcat.TomcatWebServer - Tomcat started on port 8080 (http) with context path '/'
2025-11-05 21:16:31 [restartedMain] INFO  com.shinki.shinki.ShinkiApplication - Started ShinkiApplication in 10.929 seconds (process running for 11.774)
2025-11-05 21:16:31 [restartedMain] DEBUG org.hibernate.SQL - 
    select
        count(*) 
    from
        member m1_0
2025-11-05 21:16:47 [http-nio-8080-exec-2] INFO  o.a.c.c.C.[Tomcat].[localhost].[/] - Initializing Spring DispatcherServlet 'dispatcherServlet'
2025-11-05 21:16:47 [http-nio-8080-exec-2] INFO  o.s.web.servlet.DispatcherServlet - Initializing Servlet 'dispatcherServlet'
2025-11-05 21:16:47 [http-nio-8080-exec-2] INFO  o.s.web.servlet.DispatcherServlet - Completed initialization in 2 ms
2025-11-05 21:16:47 [http-nio-8080-exec-2] DEBUG org.hibernate.SQL - 
    select
        m1_0.id,
        m1_0.address,
        m1_0.address_etc,
        m1_0.created_at,
        m1_0.department,
        m1_0.email,
        m1_0.hospital_name,
        m1_0.memo,
        m1_0.name,
        m1_0.password,
        m1_0.phone,
        m1_0.recommend_code,
        m1_0.recommended_employee,
        m1_0.status,
        m1_0.updated_at,
        m1_0.username,
        m1_0.visit_num 
    from
        member m1_0 
    where
        m1_0.username=?
2025-11-05 21:16:48 [http-nio-8080-exec-2] DEBUG org.hibernate.SQL - 
    update
        member 
    set
        address=?,
        address_etc=?,
        created_at=?,
        department=?,
        email=?,
        hospital_name=?,
        memo=?,
        name=?,
        password=?,
        phone=?,
        recommend_code=?,
        recommended_employee=?,
        status=?,
        updated_at=?,
        username=?,
        visit_num=? 
    where
        id=?
2025-11-05 21:16:48 [http-nio-8080-exec-2] DEBUG o.s.web.servlet.view.RedirectView - View name [redirect:], model {}
2025-11-05 21:16:48 [http-nio-8080-exec-1] DEBUG org.hibernate.SQL - 
    select
        m1_0.id,
        m1_0.address,
        m1_0.address_etc,
        m1_0.created_at,
        m1_0.department,
        m1_0.email,
        m1_0.hospital_name,
        m1_0.memo,
        m1_0.name,
        m1_0.password,
        m1_0.phone,
        m1_0.recommend_code,
        m1_0.recommended_employee,
        m1_0.status,
        m1_0.updated_at,
        m1_0.username,
        m1_0.visit_num 
    from
        member m1_0 
    where
        m1_0.username=?
2025-11-05 21:16:48 [http-nio-8080-exec-1] DEBUG o.s.w.s.v.ContentNegotiatingViewResolver - Selected 'text/html' given [text/html, application/xhtml+xml, image/avif, image/webp, image/apng, application/xml;q=0.9, */*;q=0.8, application/signed-exchange;v=b3;q=0.7]
2025-11-05 21:16:48 [http-nio-8080-exec-1] DEBUG o.s.web.servlet.view.JstlView - View name [mypage/profile], model {message=로그인되었습니다., member=com.shinki.shinki.entity.Member@4c91da3f, org.springframework.validation.BindingResult.member=org.springframework.validation.BeanPropertyBindingResult: 0 errors}
2025-11-05 21:16:48 [http-nio-8080-exec-1] DEBUG o.s.web.servlet.view.JstlView - Forwarding to [/WEB-INF/views/mypage/profile.jsp]
2025-11-05 21:16:49 [http-nio-8080-exec-3] DEBUG org.hibernate.SQL - 
    select
        m1_0.id,
        m1_0.address,
        m1_0.address_etc,
        m1_0.created_at,
        m1_0.department,
        m1_0.email,
        m1_0.hospital_name,
        m1_0.memo,
        m1_0.name,
        m1_0.password,
        m1_0.phone,
        m1_0.recommend_code,
        m1_0.recommended_employee,
        m1_0.status,
        m1_0.updated_at,
        m1_0.username,
        m1_0.visit_num 
    from
        member m1_0 
    where
        m1_0.username=?
2025-11-05 21:16:49 [http-nio-8080-exec-3] DEBUG org.hibernate.SQL - 
    update
        member 
    set
        address=?,
        address_etc=?,
        created_at=?,
        department=?,
        email=?,
        hospital_name=?,
        memo=?,
        name=?,
        password=?,
        phone=?,
        recommend_code=?,
        recommended_employee=?,
        status=?,
        updated_at=?,
        username=?,
        visit_num=? 
    where
        id=?
2025-11-05 21:16:49 [http-nio-8080-exec-3] DEBUG o.s.web.servlet.view.RedirectView - View name [redirect:], model {}
2025-11-05 21:16:50 [http-nio-8080-exec-4] DEBUG org.hibernate.SQL - 
    select
        m1_0.id,
        m1_0.address,
        m1_0.address_etc,
        m1_0.created_at,
        m1_0.department,
        m1_0.email,
        m1_0.hospital_name,
        m1_0.memo,
        m1_0.name,
        m1_0.password,
        m1_0.phone,
        m1_0.recommend_code,
        m1_0.recommended_employee,
        m1_0.status,
        m1_0.updated_at,
        m1_0.username,
        m1_0.visit_num 
    from
        member m1_0 
    where
        m1_0.username=?
2025-11-05 21:16:50 [http-nio-8080-exec-4] DEBUG o.s.w.s.v.ContentNegotiatingViewResolver - Selected 'text/html' given [text/html, application/xhtml+xml, image/avif, image/webp, image/apng, application/xml;q=0.9, */*;q=0.8, application/signed-exchange;v=b3;q=0.7]
2025-11-05 21:16:50 [http-nio-8080-exec-4] DEBUG o.s.web.servlet.view.JstlView - View name [mypage/profile], model {message=로그인되었습니다., member=com.shinki.shinki.entity.Member@47a6b0e4, org.springframework.validation.BindingResult.member=org.springframework.validation.BeanPropertyBindingResult: 0 errors}
2025-11-05 21:16:50 [http-nio-8080-exec-4] DEBUG o.s.web.servlet.view.JstlView - Forwarding to [/WEB-INF/views/mypage/profile.jsp]
2025-11-05 21:16:52 [http-nio-8080-exec-5] DEBUG org.hibernate.SQL - 
    select
        m1_0.id,
        m1_0.address,
        m1_0.address_etc,
        m1_0.created_at,
        m1_0.department,
        m1_0.email,
        m1_0.hospital_name,
        m1_0.memo,
        m1_0.name,
        m1_0.password,
        m1_0.phone,
        m1_0.recommend_code,
        m1_0.recommended_employee,
        m1_0.status,
        m1_0.updated_at,
        m1_0.username,
        m1_0.visit_num 
    from
        member m1_0 
    where
        m1_0.username=?
2025-11-05 21:16:52 [http-nio-8080-exec-5] DEBUG o.s.w.s.v.ContentNegotiatingViewResolver - Selected 'text/html' given [text/html, application/xhtml+xml, image/avif, image/webp, image/apng, application/xml;q=0.9, */*;q=0.8, application/signed-exchange;v=b3;q=0.7]
2025-11-05 21:16:52 [http-nio-8080-exec-5] DEBUG o.s.web.servlet.view.JstlView - View name [mypage/request], model {memberId=123}
2025-11-05 21:16:52 [http-nio-8080-exec-5] DEBUG o.s.web.servlet.view.JstlView - Forwarding to [/WEB-INF/views/mypage/request.jsp]
2025-11-05 21:16:57 [http-nio-8080-exec-8] DEBUG org.hibernate.SQL - 
    select
        m1_0.id,
        m1_0.address,
        m1_0.address_etc,
        m1_0.created_at,
        m1_0.department,
        m1_0.email,
        m1_0.hospital_name,
        m1_0.memo,
        m1_0.name,
        m1_0.password,
        m1_0.phone,
        m1_0.recommend_code,
        m1_0.recommended_employee,
        m1_0.status,
        m1_0.updated_at,
        m1_0.username,
        m1_0.visit_num 
    from
        member m1_0 
    where
        m1_0.username=?
2025-11-05 21:16:57 [http-nio-8080-exec-8] DEBUG org.hibernate.SQL - 
    select
        r1_0.id,
        r1_0.admin_file_path,
        r1_0.application_type,
        r1_0.content,
        r1_0.created_at,
        r1_0.file_path,
        r1_0.member_id,
        r1_0.money,
        r1_0.payment_amount,
        r1_0.payment_method,
        r1_0.payment_status,
        r1_0.privacy_agreed,
        r1_0.privacy_agreement,
        r1_0.reg_condition,
        r1_0.status,
        r1_0.status_cancel,
        r1_0.title,
        r1_0.updated_at 
    from
        request r1_0 
    left join
        member m1_0 
            on m1_0.id=r1_0.member_id 
    where
        m1_0.id=? 
    order by
        r1_0.created_at desc
2025-11-05 21:16:58 [http-nio-8080-exec-8] DEBUG o.s.w.s.v.ContentNegotiatingViewResolver - Selected 'text/html' given [text/html, application/xhtml+xml, image/avif, image/webp, image/apng, application/xml;q=0.9, */*;q=0.8, application/signed-exchange;v=b3;q=0.7]
2025-11-05 21:16:58 [http-nio-8080-exec-8] DEBUG o.s.web.servlet.view.JstlView - View name [mypage/orders], model {requests=[com.shinki.shinki.entity.Request@29be62d3, com.shinki.shinki.entity.Request@2cfa7dab, com.shinki.shinki.entity.Request@3a835840, com.shinki.shinki.entity.Request@7874279a, com.shinki.shinki.entity.Request@7d8f5ed6, com.shinki.shinki.entity.Request@35dc3ba6, com.shinki.shinki.entity.Request@1a7ee4aa, com.shinki.shinki.entity.Request@4ebda3c9], startDate=null, endDate=null, inProgressCount=5, completedCount=3}
2025-11-05 21:16:58 [http-nio-8080-exec-8] DEBUG o.s.web.servlet.view.JstlView - Forwarding to [/WEB-INF/views/mypage/orders.jsp]
2025-11-05 21:16:59 [http-nio-8080-exec-4] DEBUG org.hibernate.SQL - 
    select
        r1_0.id,
        r1_0.admin_file_path,
        r1_0.application_type,
        r1_0.content,
        r1_0.created_at,
        r1_0.file_path,
        r1_0.member_id,
        m1_0.id,
        m1_0.address,
        m1_0.address_etc,
        m1_0.created_at,
        m1_0.department,
        m1_0.email,
        m1_0.hospital_name,
        m1_0.memo,
        m1_0.name,
        m1_0.password,
        m1_0.phone,
        m1_0.recommend_code,
        m1_0.recommended_employee,
        m1_0.status,
        m1_0.updated_at,
        m1_0.username,
        m1_0.visit_num,
        r1_0.money,
        r1_0.payment_amount,
        r1_0.payment_method,
        r1_0.payment_status,
        r1_0.privacy_agreed,
        r1_0.privacy_agreement,
        r1_0.reg_condition,
        r1_0.status,
        r1_0.status_cancel,
        r1_0.title,
        r1_0.updated_at 
    from
        request r1_0 
    left join
        member m1_0 
            on m1_0.id=r1_0.member_id 
    where
        r1_0.id=?
2025-11-05 21:17:00 [http-nio-8080-exec-4] DEBUG org.hibernate.SQL - 
    select
        rr1_0.id,
        rr1_0.admin_no,
        rr1_0.admin_content,
        rr1_0.admin_created_at,
        rr1_0.created_at,
        rr1_0.member_id,
        rr1_0.parent_id,
        rr1_0.request_id,
        rr1_0.updated_at,
        rr1_0.user_content,
        rr1_0.user_created_at 
    from
        reply_request rr1_0 
    where
        rr1_0.request_id=? 
        and rr1_0.parent_id is null 
    order by
        rr1_0.created_at desc
2025-11-05 21:17:00 [http-nio-8080-exec-4] DEBUG o.s.w.s.v.ContentNegotiatingViewResolver - Selected 'text/html' given [text/html, application/xhtml+xml, image/avif, image/webp, image/apng, application/xml;q=0.9, */*;q=0.8, application/signed-exchange;v=b3;q=0.7]
2025-11-05 21:17:00 [http-nio-8080-exec-4] DEBUG o.s.web.servlet.view.JstlView - View name [mypage/order-detail], model {request=com.shinki.shinki.entity.Request@32c78697, userComments=[], org.springframework.validation.BindingResult.request=org.springframework.validation.BeanPropertyBindingResult: 0 errors}
2025-11-05 21:17:00 [http-nio-8080-exec-4] DEBUG o.s.web.servlet.view.JstlView - Forwarding to [/WEB-INF/views/mypage/order-detail.jsp]
2025-11-05 21:17:05 [http-nio-8080-exec-1] DEBUG org.hibernate.SQL - 
    select
        r1_0.id,
        r1_0.admin_file_path,
        r1_0.application_type,
        r1_0.content,
        r1_0.created_at,
        r1_0.file_path,
        r1_0.member_id,
        m1_0.id,
        m1_0.address,
        m1_0.address_etc,
        m1_0.created_at,
        m1_0.department,
        m1_0.email,
        m1_0.hospital_name,
        m1_0.memo,
        m1_0.name,
        m1_0.password,
        m1_0.phone,
        m1_0.recommend_code,
        m1_0.recommended_employee,
        m1_0.status,
        m1_0.updated_at,
        m1_0.username,
        m1_0.visit_num,
        r1_0.money,
        r1_0.payment_amount,
        r1_0.payment_method,
        r1_0.payment_status,
        r1_0.privacy_agreed,
        r1_0.privacy_agreement,
        r1_0.reg_condition,
        r1_0.status,
        r1_0.status_cancel,
        r1_0.title,
        r1_0.updated_at 
    from
        request r1_0 
    left join
        member m1_0 
            on m1_0.id=r1_0.member_id 
    where
        r1_0.id=?
2025-11-05 21:17:05 [http-nio-8080-exec-1] DEBUG org.hibernate.SQL - 
    select
        rr1_0.id,
        rr1_0.admin_no,
        rr1_0.admin_content,
        rr1_0.admin_created_at,
        rr1_0.created_at,
        rr1_0.member_id,
        rr1_0.parent_id,
        rr1_0.request_id,
        rr1_0.updated_at,
        rr1_0.user_content,
        rr1_0.user_created_at 
    from
        reply_request rr1_0 
    where
        rr1_0.request_id=? 
        and rr1_0.parent_id is null 
    order by
        rr1_0.created_at desc
2025-11-05 21:17:05 [http-nio-8080-exec-1] DEBUG o.s.w.s.v.ContentNegotiatingViewResolver - Selected 'text/html' given [text/html, application/xhtml+xml, image/avif, image/webp, image/apng, application/xml;q=0.9, */*;q=0.8, application/signed-exchange;v=b3;q=0.7]
2025-11-05 21:17:05 [http-nio-8080-exec-1] DEBUG o.s.web.servlet.view.JstlView - View name [mypage/order-detail], model {request=com.shinki.shinki.entity.Request@20003897, userComments=[], org.springframework.validation.BindingResult.request=org.springframework.validation.BeanPropertyBindingResult: 0 errors}
2025-11-05 21:17:05 [http-nio-8080-exec-1] DEBUG o.s.web.servlet.view.JstlView - Forwarding to [/WEB-INF/views/mypage/order-detail.jsp]
2025-11-05 21:17:07 [http-nio-8080-exec-5] DEBUG org.hibernate.SQL - 
    select
        m1_0.id,
        m1_0.address,
        m1_0.address_etc,
        m1_0.created_at,
        m1_0.department,
        m1_0.email,
        m1_0.hospital_name,
        m1_0.memo,
        m1_0.name,
        m1_0.password,
        m1_0.phone,
        m1_0.recommend_code,
        m1_0.recommended_employee,
        m1_0.status,
        m1_0.updated_at,
        m1_0.username,
        m1_0.visit_num 
    from
        member m1_0 
    where
        m1_0.username=?
2025-11-05 21:17:07 [http-nio-8080-exec-5] DEBUG org.hibernate.SQL - 
    select
        r1_0.id,
        r1_0.admin_file_path,
        r1_0.application_type,
        r1_0.content,
        r1_0.created_at,
        r1_0.file_path,
        r1_0.member_id,
        m1_0.id,
        m1_0.address,
        m1_0.address_etc,
        m1_0.created_at,
        m1_0.department,
        m1_0.email,
        m1_0.hospital_name,
        m1_0.memo,
        m1_0.name,
        m1_0.password,
        m1_0.phone,
        m1_0.recommend_code,
        m1_0.recommended_employee,
        m1_0.status,
        m1_0.updated_at,
        m1_0.username,
        m1_0.visit_num,
        r1_0.money,
        r1_0.payment_amount,
        r1_0.payment_method,
        r1_0.payment_status,
        r1_0.privacy_agreed,
        r1_0.privacy_agreement,
        r1_0.reg_condition,
        r1_0.status,
        r1_0.status_cancel,
        r1_0.title,
        r1_0.updated_at 
    from
        request r1_0 
    left join
        member m1_0 
            on m1_0.id=r1_0.member_id 
    where
        r1_0.id=?
2025-11-05 21:17:08 [http-nio-8080-exec-5] DEBUG o.s.w.s.v.ContentNegotiatingViewResolver - Selected 'text/html' given [text/html, application/xhtml+xml, image/avif, image/webp, image/apng, application/xml;q=0.9, */*;q=0.8, application/signed-exchange;v=b3;q=0.7]
2025-11-05 21:17:08 [http-nio-8080-exec-5] DEBUG o.s.web.servlet.view.JstlView - View name [mypage/edit-request], model {memberId=123, request=com.shinki.shinki.entity.Request@3f744fe1, org.springframework.validation.BindingResult.request=org.springframework.validation.BeanPropertyBindingResult: 0 errors}
2025-11-05 21:17:08 [http-nio-8080-exec-5] DEBUG o.s.web.servlet.view.JstlView - Forwarding to [/WEB-INF/views/mypage/edit-request.jsp]
2025-11-05 21:17:13 [http-nio-8080-exec-2] DEBUG org.hibernate.SQL - 
    select
        r1_0.id,
        r1_0.admin_file_path,
        r1_0.application_type,
        r1_0.content,
        r1_0.created_at,
        r1_0.file_path,
        r1_0.member_id,
        m1_0.id,
        m1_0.address,
        m1_0.address_etc,
        m1_0.created_at,
        m1_0.department,
        m1_0.email,
        m1_0.hospital_name,
        m1_0.memo,
        m1_0.name,
        m1_0.password,
        m1_0.phone,
        m1_0.recommend_code,
        m1_0.recommended_employee,
        m1_0.status,
        m1_0.updated_at,
        m1_0.username,
        m1_0.visit_num,
        r1_0.money,
        r1_0.payment_amount,
        r1_0.payment_method,
        r1_0.payment_status,
        r1_0.privacy_agreed,
        r1_0.privacy_agreement,
        r1_0.reg_condition,
        r1_0.status,
        r1_0.status_cancel,
        r1_0.title,
        r1_0.updated_at 
    from
        request r1_0 
    left join
        member m1_0 
            on m1_0.id=r1_0.member_id 
    where
        r1_0.id=?
2025-11-05 21:17:13 [http-nio-8080-exec-2] DEBUG org.hibernate.SQL - 
    select
        m1_0.id,
        m1_0.address,
        m1_0.address_etc,
        m1_0.created_at,
        m1_0.department,
        m1_0.email,
        m1_0.hospital_name,
        m1_0.memo,
        m1_0.name,
        m1_0.password,
        m1_0.phone,
        m1_0.recommend_code,
        m1_0.recommended_employee,
        m1_0.status,
        m1_0.updated_at,
        m1_0.username,
        m1_0.visit_num 
    from
        member m1_0 
    where
        m1_0.username=?
2025-11-05 21:17:14 [http-nio-8080-exec-2] DEBUG org.hibernate.SQL - 
    update
        request 
    set
        admin_file_path=?,
        application_type=?,
        content=?,
        created_at=?,
        file_path=?,
        member_id=?,
        money=?,
        payment_amount=?,
        payment_method=?,
        payment_status=?,
        privacy_agreed=?,
        privacy_agreement=?,
        reg_condition=?,
        status=?,
        status_cancel=?,
        title=?,
        updated_at=? 
    where
        id=?
2025-11-05 21:17:14 [http-nio-8080-exec-2] DEBUG o.s.web.servlet.view.RedirectView - View name [redirect:], model {}
2025-11-05 21:17:14 [http-nio-8080-exec-9] DEBUG org.hibernate.SQL - 
    select
        r1_0.id,
        r1_0.admin_file_path,
        r1_0.application_type,
        r1_0.content,
        r1_0.created_at,
        r1_0.file_path,
        r1_0.member_id,
        m1_0.id,
        m1_0.address,
        m1_0.address_etc,
        m1_0.created_at,
        m1_0.department,
        m1_0.email,
        m1_0.hospital_name,
        m1_0.memo,
        m1_0.name,
        m1_0.password,
        m1_0.phone,
        m1_0.recommend_code,
        m1_0.recommended_employee,
        m1_0.status,
        m1_0.updated_at,
        m1_0.username,
        m1_0.visit_num,
        r1_0.money,
        r1_0.payment_amount,
        r1_0.payment_method,
        r1_0.payment_status,
        r1_0.privacy_agreed,
        r1_0.privacy_agreement,
        r1_0.reg_condition,
        r1_0.status,
        r1_0.status_cancel,
        r1_0.title,
        r1_0.updated_at 
    from
        request r1_0 
    left join
        member m1_0 
            on m1_0.id=r1_0.member_id 
    where
        r1_0.id=?
2025-11-05 21:17:14 [http-nio-8080-exec-9] DEBUG org.hibernate.SQL - 
    select
        rr1_0.id,
        rr1_0.admin_no,
        rr1_0.admin_content,
        rr1_0.admin_created_at,
        rr1_0.created_at,
        rr1_0.member_id,
        rr1_0.parent_id,
        rr1_0.request_id,
        rr1_0.updated_at,
        rr1_0.user_content,
        rr1_0.user_created_at 
    from
        reply_request rr1_0 
    where
        rr1_0.request_id=? 
        and rr1_0.parent_id is null 
    order by
        rr1_0.created_at desc
2025-11-05 21:17:14 [http-nio-8080-exec-9] DEBUG o.s.w.s.v.ContentNegotiatingViewResolver - Selected 'text/html' given [text/html, application/xhtml+xml, image/avif, image/webp, image/apng, application/xml;q=0.9, */*;q=0.8, application/signed-exchange;v=b3;q=0.7]
2025-11-05 21:17:14 [http-nio-8080-exec-9] DEBUG o.s.web.servlet.view.JstlView - View name [mypage/order-detail], model {message=의뢰가 성공적으로 수정되었습니다., request=com.shinki.shinki.entity.Request@41ba54ea, userComments=[], org.springframework.validation.BindingResult.request=org.springframework.validation.BeanPropertyBindingResult: 0 errors}
2025-11-05 21:17:14 [http-nio-8080-exec-9] DEBUG o.s.web.servlet.view.JstlView - Forwarding to [/WEB-INF/views/mypage/order-detail.jsp]
2025-11-05 21:17:16 [http-nio-8080-exec-10] DEBUG org.hibernate.SQL - 
    select
        m1_0.id,
        m1_0.address,
        m1_0.address_etc,
        m1_0.created_at,
        m1_0.department,
        m1_0.email,
        m1_0.hospital_name,
        m1_0.memo,
        m1_0.name,
        m1_0.password,
        m1_0.phone,
        m1_0.recommend_code,
        m1_0.recommended_employee,
        m1_0.status,
        m1_0.updated_at,
        m1_0.username,
        m1_0.visit_num 
    from
        member m1_0 
    where
        m1_0.username=?
2025-11-05 21:17:16 [http-nio-8080-exec-10] DEBUG org.hibernate.SQL - 
    select
        r1_0.id,
        r1_0.admin_file_path,
        r1_0.application_type,
        r1_0.content,
        r1_0.created_at,
        r1_0.file_path,
        r1_0.member_id,
        m1_0.id,
        m1_0.address,
        m1_0.address_etc,
        m1_0.created_at,
        m1_0.department,
        m1_0.email,
        m1_0.hospital_name,
        m1_0.memo,
        m1_0.name,
        m1_0.password,
        m1_0.phone,
        m1_0.recommend_code,
        m1_0.recommended_employee,
        m1_0.status,
        m1_0.updated_at,
        m1_0.username,
        m1_0.visit_num,
        r1_0.money,
        r1_0.payment_amount,
        r1_0.payment_method,
        r1_0.payment_status,
        r1_0.privacy_agreed,
        r1_0.privacy_agreement,
        r1_0.reg_condition,
        r1_0.status,
        r1_0.status_cancel,
        r1_0.title,
        r1_0.updated_at 
    from
        request r1_0 
    left join
        member m1_0 
            on m1_0.id=r1_0.member_id 
    where
        r1_0.id=?
2025-11-05 21:17:16 [http-nio-8080-exec-10] DEBUG o.s.w.s.v.ContentNegotiatingViewResolver - Selected 'text/html' given [text/html, application/xhtml+xml, image/avif, image/webp, image/apng, application/xml;q=0.9, */*;q=0.8, application/signed-exchange;v=b3;q=0.7]
2025-11-05 21:17:16 [http-nio-8080-exec-10] DEBUG o.s.web.servlet.view.JstlView - View name [mypage/edit-request], model {memberId=123, request=com.shinki.shinki.entity.Request@f0891cb, org.springframework.validation.BindingResult.request=org.springframework.validation.BeanPropertyBindingResult: 0 errors}
2025-11-05 21:17:16 [http-nio-8080-exec-10] DEBUG o.s.web.servlet.view.JstlView - Forwarding to [/WEB-INF/views/mypage/edit-request.jsp]
2025-11-05 21:17:23 [http-nio-8080-exec-1] DEBUG org.hibernate.SQL - 
    select
        r1_0.id,
        r1_0.admin_file_path,
        r1_0.application_type,
        r1_0.content,
        r1_0.created_at,
        r1_0.file_path,
        r1_0.member_id,
        m1_0.id,
        m1_0.address,
        m1_0.address_etc,
        m1_0.created_at,
        m1_0.department,
        m1_0.email,
        m1_0.hospital_name,
        m1_0.memo,
        m1_0.name,
        m1_0.password,
        m1_0.phone,
        m1_0.recommend_code,
        m1_0.recommended_employee,
        m1_0.status,
        m1_0.updated_at,
        m1_0.username,
        m1_0.visit_num,
        r1_0.money,
        r1_0.payment_amount,
        r1_0.payment_method,
        r1_0.payment_status,
        r1_0.privacy_agreed,
        r1_0.privacy_agreement,
        r1_0.reg_condition,
        r1_0.status,
        r1_0.status_cancel,
        r1_0.title,
        r1_0.updated_at 
    from
        request r1_0 
    left join
        member m1_0 
            on m1_0.id=r1_0.member_id 
    where
        r1_0.id=?
2025-11-05 21:17:23 [http-nio-8080-exec-1] DEBUG org.hibernate.SQL - 
    select
        m1_0.id,
        m1_0.address,
        m1_0.address_etc,
        m1_0.created_at,
        m1_0.department,
        m1_0.email,
        m1_0.hospital_name,
        m1_0.memo,
        m1_0.name,
        m1_0.password,
        m1_0.phone,
        m1_0.recommend_code,
        m1_0.recommended_employee,
        m1_0.status,
        m1_0.updated_at,
        m1_0.username,
        m1_0.visit_num 
    from
        member m1_0 
    where
        m1_0.username=?
2025-11-05 21:17:24 [http-nio-8080-exec-1] DEBUG org.hibernate.SQL - 
    update
        request 
    set
        admin_file_path=?,
        application_type=?,
        content=?,
        created_at=?,
        file_path=?,
        member_id=?,
        money=?,
        payment_amount=?,
        payment_method=?,
        payment_status=?,
        privacy_agreed=?,
        privacy_agreement=?,
        reg_condition=?,
        status=?,
        status_cancel=?,
        title=?,
        updated_at=? 
    where
        id=?
2025-11-05 21:17:24 [http-nio-8080-exec-1] DEBUG o.s.web.servlet.view.RedirectView - View name [redirect:], model {}
2025-11-05 21:17:24 [http-nio-8080-exec-7] DEBUG org.hibernate.SQL - 
    select
        r1_0.id,
        r1_0.admin_file_path,
        r1_0.application_type,
        r1_0.content,
        r1_0.created_at,
        r1_0.file_path,
        r1_0.member_id,
        m1_0.id,
        m1_0.address,
        m1_0.address_etc,
        m1_0.created_at,
        m1_0.department,
        m1_0.email,
        m1_0.hospital_name,
        m1_0.memo,
        m1_0.name,
        m1_0.password,
        m1_0.phone,
        m1_0.recommend_code,
        m1_0.recommended_employee,
        m1_0.status,
        m1_0.updated_at,
        m1_0.username,
        m1_0.visit_num,
        r1_0.money,
        r1_0.payment_amount,
        r1_0.payment_method,
        r1_0.payment_status,
        r1_0.privacy_agreed,
        r1_0.privacy_agreement,
        r1_0.reg_condition,
        r1_0.status,
        r1_0.status_cancel,
        r1_0.title,
        r1_0.updated_at 
    from
        request r1_0 
    left join
        member m1_0 
            on m1_0.id=r1_0.member_id 
    where
        r1_0.id=?
2025-11-05 21:17:24 [http-nio-8080-exec-7] DEBUG org.hibernate.SQL - 
    select
        rr1_0.id,
        rr1_0.admin_no,
        rr1_0.admin_content,
        rr1_0.admin_created_at,
        rr1_0.created_at,
        rr1_0.member_id,
        rr1_0.parent_id,
        rr1_0.request_id,
        rr1_0.updated_at,
        rr1_0.user_content,
        rr1_0.user_created_at 
    from
        reply_request rr1_0 
    where
        rr1_0.request_id=? 
        and rr1_0.parent_id is null 
    order by
        rr1_0.created_at desc
2025-11-05 21:17:24 [http-nio-8080-exec-7] DEBUG o.s.w.s.v.ContentNegotiatingViewResolver - Selected 'text/html' given [text/html, application/xhtml+xml, image/avif, image/webp, image/apng, application/xml;q=0.9, */*;q=0.8, application/signed-exchange;v=b3;q=0.7]
2025-11-05 21:17:24 [http-nio-8080-exec-7] DEBUG o.s.web.servlet.view.JstlView - View name [mypage/order-detail], model {message=의뢰가 성공적으로 수정되었습니다., request=com.shinki.shinki.entity.Request@4c3dcf5, userComments=[], org.springframework.validation.BindingResult.request=org.springframework.validation.BeanPropertyBindingResult: 0 errors}
2025-11-05 21:17:24 [http-nio-8080-exec-7] DEBUG o.s.web.servlet.view.JstlView - Forwarding to [/WEB-INF/views/mypage/order-detail.jsp]
2025-11-05 21:18:06 [SpringApplicationShutdownHook] INFO  o.s.b.w.e.tomcat.GracefulShutdown - Commencing graceful shutdown. Waiting for active requests to complete
2025-11-05 21:18:06 [tomcat-shutdown] INFO  o.s.b.w.e.tomcat.GracefulShutdown - Graceful shutdown complete
2025-11-05 21:18:06 [SpringApplicationShutdownHook] INFO  o.s.o.j.LocalContainerEntityManagerFactoryBean - Closing JPA EntityManagerFactory for persistence unit 'default'
2025-11-05 21:18:06 [SpringApplicationShutdownHook] INFO  com.zaxxer.hikari.HikariDataSource - HikariPool-1 - Shutdown initiated...
2025-11-05 21:18:06 [SpringApplicationShutdownHook] INFO  com.zaxxer.hikari.HikariDataSource - HikariPool-1 - Shutdown completed.
2025-11-05 21:18:50 [restartedMain] INFO  com.shinki.shinki.ShinkiApplication - Starting ShinkiApplication using Java 21.0.7 with PID 1708 (D:\Project\Zetta_Git\shinki-new\target\classes started by zetta in D:\Project\Zetta_Git\shinki-new)
2025-11-05 21:18:50 [restartedMain] DEBUG com.shinki.shinki.ShinkiApplication - Running with Spring Boot v3.5.5, Spring v6.2.10
2025-11-05 21:18:51 [restartedMain] INFO  com.shinki.shinki.ShinkiApplication - No active profile set, falling back to 1 default profile: "default"
2025-11-05 21:18:51 [restartedMain] INFO  o.s.b.d.e.DevToolsPropertyDefaultsPostProcessor - Devtools property defaults active! Set 'spring.devtools.add-properties' to 'false' to disable
2025-11-05 21:18:51 [restartedMain] INFO  o.s.b.d.e.DevToolsPropertyDefaultsPostProcessor - For additional web related logging consider setting the 'logging.level.web' property to 'DEBUG'
2025-11-05 21:18:52 [restartedMain] INFO  o.s.d.r.c.RepositoryConfigurationDelegate - Bootstrapping Spring Data JPA repositories in DEFAULT mode.
2025-11-05 21:18:52 [restartedMain] INFO  o.s.d.r.c.RepositoryConfigurationDelegate - Finished Spring Data repository scanning in 106 ms. Found 7 JPA repository interfaces.
2025-11-05 21:18:54 [restartedMain] INFO  o.s.b.w.e.tomcat.TomcatWebServer - Tomcat initialized with port 8080 (http)
2025-11-05 21:18:54 [restartedMain] INFO  o.a.catalina.core.StandardService - Starting service [Tomcat]
2025-11-05 21:18:54 [restartedMain] INFO  o.a.catalina.core.StandardEngine - Starting Servlet engine: [Apache Tomcat/10.1.44]
2025-11-05 21:18:54 [restartedMain] INFO  o.apache.jasper.servlet.TldScanner - At least one JAR was scanned for TLDs yet contained no TLDs. Enable debug logging for this logger for a complete list of JARs that were scanned but no TLDs were found in them. Skipping unneeded JARs during scanning can improve startup time and JSP compilation time.
2025-11-05 21:18:54 [restartedMain] INFO  o.a.c.c.C.[Tomcat].[localhost].[/] - Initializing Spring embedded WebApplicationContext
2025-11-05 21:18:54 [restartedMain] INFO  o.s.b.w.s.c.ServletWebServerApplicationContext - Root WebApplicationContext: initialization completed in 3670 ms
2025-11-05 21:18:55 [restartedMain] INFO  com.zaxxer.hikari.HikariDataSource - HikariPool-1 - Starting...
2025-11-05 21:18:55 [restartedMain] INFO  com.zaxxer.hikari.pool.HikariPool - HikariPool-1 - Added connection com.mysql.cj.jdbc.ConnectionImpl@664bc397
2025-11-05 21:18:55 [restartedMain] INFO  com.zaxxer.hikari.HikariDataSource - HikariPool-1 - Start completed.
2025-11-05 21:18:55 [restartedMain] INFO  o.h.jpa.internal.util.LogHelper - HHH000204: Processing PersistenceUnitInfo [name: default]
2025-11-05 21:18:55 [restartedMain] INFO  org.hibernate.Version - HHH000412: Hibernate ORM core version 6.6.26.Final
2025-11-05 21:18:55 [restartedMain] INFO  o.h.c.i.RegionFactoryInitiator - HHH000026: Second-level cache disabled
2025-11-05 21:18:56 [restartedMain] INFO  o.s.o.j.p.SpringPersistenceUnitInfo - No LoadTimeWeaver setup: ignoring JPA class transformer
2025-11-05 21:18:56 [restartedMain] WARN  org.hibernate.orm.deprecation - HHH90000025: MySQLDialect does not need to be specified explicitly using 'hibernate.dialect' (remove the property setting and it will be selected by default)
2025-11-05 21:18:56 [restartedMain] INFO  o.hibernate.orm.connections.pooling - HHH10001005: Database info:
	Database JDBC URL [Connecting through datasource 'HikariDataSource (HikariPool-1)']
	Database driver: undefined/unknown
	Database version: 8.0.42
	Autocommit mode: undefined/unknown
	Isolation level: undefined/unknown
	Minimum pool size: undefined/unknown
	Maximum pool size: undefined/unknown
2025-11-05 21:18:59 [restartedMain] INFO  o.h.e.t.j.p.i.JtaPlatformInitiator - HHH000489: No JTA platform available (set 'hibernate.transaction.jta.platform' to enable JTA platform integration)
2025-11-05 21:18:59 [restartedMain] DEBUG org.hibernate.SQL - 
    alter table member 
       modify column status VARCHAR(1) DEFAULT 'Y' not null
2025-11-05 21:18:59 [restartedMain] INFO  o.s.o.j.LocalContainerEntityManagerFactoryBean - Initialized JPA EntityManagerFactory for persistence unit 'default'
2025-11-05 21:18:59 [restartedMain] INFO  o.s.d.j.r.query.QueryEnhancerFactory - Hibernate is in classpath; If applicable, HQL parser will be used.
2025-11-05 21:19:03 [restartedMain] WARN  o.s.b.a.o.j.JpaBaseConfiguration$JpaWebConfiguration - spring.jpa.open-in-view is enabled by default. Therefore, database queries may be performed during view rendering. Explicitly configure spring.jpa.open-in-view to disable this warning
2025-11-05 21:19:03 [restartedMain] INFO  o.s.b.a.w.s.WelcomePageHandlerMapping - Adding welcome page template: index
2025-11-05 21:19:03 [restartedMain] INFO  o.s.b.a.h.H2ConsoleAutoConfiguration - H2 console available at '/h2-console'. Database available at 'jdbc:mysql://localhost:3306/shinki?useSSL=false&serverTimezone=UTC&characterEncoding=UTF-8&allowPublicKeyRetrieval=true'
2025-11-05 21:19:03 [restartedMain] INFO  o.s.b.d.a.OptionalLiveReloadServer - LiveReload server is running on port 35729
2025-11-05 21:19:03 [restartedMain] INFO  o.s.b.w.e.tomcat.TomcatWebServer - Tomcat started on port 8080 (http) with context path '/'
2025-11-05 21:19:03 [restartedMain] INFO  com.shinki.shinki.ShinkiApplication - Started ShinkiApplication in 13.851 seconds (process running for 15.161)
2025-11-05 21:19:03 [restartedMain] DEBUG org.hibernate.SQL - 
    select
        count(*) 
    from
        member m1_0
2025-11-05 21:19:11 [http-nio-8080-exec-1] INFO  o.a.c.c.C.[Tomcat].[localhost].[/] - Initializing Spring DispatcherServlet 'dispatcherServlet'
2025-11-05 21:19:11 [http-nio-8080-exec-1] INFO  o.s.web.servlet.DispatcherServlet - Initializing Servlet 'dispatcherServlet'
2025-11-05 21:19:11 [http-nio-8080-exec-1] INFO  o.s.web.servlet.DispatcherServlet - Completed initialization in 4 ms
2025-11-05 21:19:11 [http-nio-8080-exec-1] DEBUG org.hibernate.SQL - 
    select
        m1_0.id,
        m1_0.address,
        m1_0.address_etc,
        m1_0.created_at,
        m1_0.department,
        m1_0.email,
        m1_0.hospital_name,
        m1_0.memo,
        m1_0.name,
        m1_0.password,
        m1_0.phone,
        m1_0.recommend_code,
        m1_0.recommended_employee,
        m1_0.status,
        m1_0.updated_at,
        m1_0.username,
        m1_0.visit_num 
    from
        member m1_0 
    where
        m1_0.username=?
2025-11-05 21:19:11 [http-nio-8080-exec-1] DEBUG org.hibernate.SQL - 
    select
        r1_0.id,
        r1_0.admin_file_path,
        r1_0.application_type,
        r1_0.content,
        r1_0.created_at,
        r1_0.file_path,
        r1_0.member_id,
        m1_0.id,
        m1_0.address,
        m1_0.address_etc,
        m1_0.created_at,
        m1_0.department,
        m1_0.email,
        m1_0.hospital_name,
        m1_0.memo,
        m1_0.name,
        m1_0.password,
        m1_0.phone,
        m1_0.recommend_code,
        m1_0.recommended_employee,
        m1_0.status,
        m1_0.updated_at,
        m1_0.username,
        m1_0.visit_num,
        r1_0.money,
        r1_0.payment_amount,
        r1_0.payment_method,
        r1_0.payment_status,
        r1_0.privacy_agreed,
        r1_0.privacy_agreement,
        r1_0.reg_condition,
        r1_0.status,
        r1_0.status_cancel,
        r1_0.title,
        r1_0.updated_at 
    from
        request r1_0 
    left join
        member m1_0 
            on m1_0.id=r1_0.member_id 
    where
        r1_0.id=?
2025-11-05 21:19:11 [http-nio-8080-exec-1] DEBUG o.s.w.s.v.ContentNegotiatingViewResolver - Selected 'text/html' given [text/html, application/xhtml+xml, image/avif, image/webp, image/apng, application/xml;q=0.9, */*;q=0.8, application/signed-exchange;v=b3;q=0.7]
2025-11-05 21:19:11 [http-nio-8080-exec-1] DEBUG o.s.web.servlet.view.JstlView - View name [mypage/edit-request], model {memberId=123, request=com.shinki.shinki.entity.Request@2d774d6e, org.springframework.validation.BindingResult.request=org.springframework.validation.BeanPropertyBindingResult: 0 errors}
2025-11-05 21:19:11 [http-nio-8080-exec-1] DEBUG o.s.web.servlet.view.JstlView - Forwarding to [/WEB-INF/views/mypage/edit-request.jsp]
2025-11-05 21:24:04 [SpringApplicationShutdownHook] INFO  o.s.b.w.e.tomcat.GracefulShutdown - Commencing graceful shutdown. Waiting for active requests to complete
2025-11-05 21:24:04 [tomcat-shutdown] INFO  o.s.b.w.e.tomcat.GracefulShutdown - Graceful shutdown complete
2025-11-05 21:24:04 [SpringApplicationShutdownHook] INFO  o.s.o.j.LocalContainerEntityManagerFactoryBean - Closing JPA EntityManagerFactory for persistence unit 'default'
2025-11-05 21:24:04 [SpringApplicationShutdownHook] INFO  com.zaxxer.hikari.HikariDataSource - HikariPool-1 - Shutdown initiated...
2025-11-05 21:24:04 [SpringApplicationShutdownHook] INFO  com.zaxxer.hikari.HikariDataSource - HikariPool-1 - Shutdown completed.
2025-11-05 21:24:25 [restartedMain] INFO  com.shinki.shinki.ShinkiApplication - Starting ShinkiApplication using Java 21.0.7 with PID 8856 (D:\Project\Zetta_Git\shinki-new\target\classes started by zetta in D:\Project\Zetta_Git\shinki-new)
2025-11-05 21:24:25 [restartedMain] DEBUG com.shinki.shinki.ShinkiApplication - Running with Spring Boot v3.5.5, Spring v6.2.10
2025-11-05 21:24:25 [restartedMain] INFO  com.shinki.shinki.ShinkiApplication - No active profile set, falling back to 1 default profile: "default"
2025-11-05 21:24:25 [restartedMain] INFO  o.s.b.d.e.DevToolsPropertyDefaultsPostProcessor - Devtools property defaults active! Set 'spring.devtools.add-properties' to 'false' to disable
2025-11-05 21:24:25 [restartedMain] INFO  o.s.b.d.e.DevToolsPropertyDefaultsPostProcessor - For additional web related logging consider setting the 'logging.level.web' property to 'DEBUG'
2025-11-05 21:24:26 [restartedMain] INFO  o.s.d.r.c.RepositoryConfigurationDelegate - Bootstrapping Spring Data JPA repositories in DEFAULT mode.
2025-11-05 21:24:26 [restartedMain] INFO  o.s.d.r.c.RepositoryConfigurationDelegate - Finished Spring Data repository scanning in 96 ms. Found 7 JPA repository interfaces.
2025-11-05 21:24:27 [restartedMain] INFO  o.s.b.w.e.tomcat.TomcatWebServer - Tomcat initialized with port 8080 (http)
2025-11-05 21:24:27 [restartedMain] INFO  o.a.catalina.core.StandardService - Starting service [Tomcat]
2025-11-05 21:24:27 [restartedMain] INFO  o.a.catalina.core.StandardEngine - Starting Servlet engine: [Apache Tomcat/10.1.44]
2025-11-05 21:24:28 [restartedMain] INFO  o.apache.jasper.servlet.TldScanner - At least one JAR was scanned for TLDs yet contained no TLDs. Enable debug logging for this logger for a complete list of JARs that were scanned but no TLDs were found in them. Skipping unneeded JARs during scanning can improve startup time and JSP compilation time.
2025-11-05 21:24:28 [restartedMain] INFO  o.a.c.c.C.[Tomcat].[localhost].[/] - Initializing Spring embedded WebApplicationContext
2025-11-05 21:24:28 [restartedMain] INFO  o.s.b.w.s.c.ServletWebServerApplicationContext - Root WebApplicationContext: initialization completed in 2481 ms
2025-11-05 21:24:28 [restartedMain] INFO  com.zaxxer.hikari.HikariDataSource - HikariPool-1 - Starting...
2025-11-05 21:24:28 [restartedMain] INFO  com.zaxxer.hikari.pool.HikariPool - HikariPool-1 - Added connection com.mysql.cj.jdbc.ConnectionImpl@c4f9a13
2025-11-05 21:24:28 [restartedMain] INFO  com.zaxxer.hikari.HikariDataSource - HikariPool-1 - Start completed.
2025-11-05 21:24:28 [restartedMain] INFO  o.h.jpa.internal.util.LogHelper - HHH000204: Processing PersistenceUnitInfo [name: default]
2025-11-05 21:24:28 [restartedMain] INFO  org.hibernate.Version - HHH000412: Hibernate ORM core version 6.6.26.Final
2025-11-05 21:24:28 [restartedMain] INFO  o.h.c.i.RegionFactoryInitiator - HHH000026: Second-level cache disabled
2025-11-05 21:24:29 [restartedMain] INFO  o.s.o.j.p.SpringPersistenceUnitInfo - No LoadTimeWeaver setup: ignoring JPA class transformer
2025-11-05 21:24:29 [restartedMain] WARN  org.hibernate.orm.deprecation - HHH90000025: MySQLDialect does not need to be specified explicitly using 'hibernate.dialect' (remove the property setting and it will be selected by default)
2025-11-05 21:24:29 [restartedMain] INFO  o.hibernate.orm.connections.pooling - HHH10001005: Database info:
	Database JDBC URL [Connecting through datasource 'HikariDataSource (HikariPool-1)']
	Database driver: undefined/unknown
	Database version: 8.0.42
	Autocommit mode: undefined/unknown
	Isolation level: undefined/unknown
	Minimum pool size: undefined/unknown
	Maximum pool size: undefined/unknown
2025-11-05 21:24:30 [restartedMain] INFO  o.h.e.t.j.p.i.JtaPlatformInitiator - HHH000489: No JTA platform available (set 'hibernate.transaction.jta.platform' to enable JTA platform integration)
2025-11-05 21:24:30 [restartedMain] DEBUG org.hibernate.SQL - 
    alter table member 
       modify column status VARCHAR(1) DEFAULT 'Y' not null
2025-11-05 21:24:30 [restartedMain] INFO  o.s.o.j.LocalContainerEntityManagerFactoryBean - Initialized JPA EntityManagerFactory for persistence unit 'default'
2025-11-05 21:24:31 [restartedMain] INFO  o.s.d.j.r.query.QueryEnhancerFactory - Hibernate is in classpath; If applicable, HQL parser will be used.
2025-11-05 21:24:34 [restartedMain] WARN  o.s.b.a.o.j.JpaBaseConfiguration$JpaWebConfiguration - spring.jpa.open-in-view is enabled by default. Therefore, database queries may be performed during view rendering. Explicitly configure spring.jpa.open-in-view to disable this warning
2025-11-05 21:24:34 [restartedMain] INFO  o.s.b.a.w.s.WelcomePageHandlerMapping - Adding welcome page template: index
2025-11-05 21:24:34 [restartedMain] INFO  o.s.b.a.h.H2ConsoleAutoConfiguration - H2 console available at '/h2-console'. Database available at 'jdbc:mysql://localhost:3306/shinki?useSSL=false&serverTimezone=UTC&characterEncoding=UTF-8&allowPublicKeyRetrieval=true'
2025-11-05 21:24:34 [restartedMain] INFO  o.s.b.d.a.OptionalLiveReloadServer - LiveReload server is running on port 35729
2025-11-05 21:24:34 [restartedMain] INFO  o.s.b.w.e.tomcat.TomcatWebServer - Tomcat started on port 8080 (http) with context path '/'
2025-11-05 21:24:34 [restartedMain] INFO  com.shinki.shinki.ShinkiApplication - Started ShinkiApplication in 9.946 seconds (process running for 10.545)
2025-11-05 21:24:34 [restartedMain] DEBUG org.hibernate.SQL - 
    select
        count(*) 
    from
        member m1_0
2025-11-05 21:24:39 [http-nio-8080-exec-1] INFO  o.a.c.c.C.[Tomcat].[localhost].[/] - Initializing Spring DispatcherServlet 'dispatcherServlet'
2025-11-05 21:24:39 [http-nio-8080-exec-1] INFO  o.s.web.servlet.DispatcherServlet - Initializing Servlet 'dispatcherServlet'
2025-11-05 21:24:39 [http-nio-8080-exec-1] INFO  o.s.web.servlet.DispatcherServlet - Completed initialization in 1 ms
2025-11-05 21:24:39 [http-nio-8080-exec-1] DEBUG org.hibernate.SQL - 
    select
        m1_0.id,
        m1_0.address,
        m1_0.address_etc,
        m1_0.created_at,
        m1_0.department,
        m1_0.email,
        m1_0.hospital_name,
        m1_0.memo,
        m1_0.name,
        m1_0.password,
        m1_0.phone,
        m1_0.recommend_code,
        m1_0.recommended_employee,
        m1_0.status,
        m1_0.updated_at,
        m1_0.username,
        m1_0.visit_num 
    from
        member m1_0 
    where
        m1_0.username=?
2025-11-05 21:24:39 [http-nio-8080-exec-1] DEBUG org.hibernate.SQL - 
    select
        r1_0.id,
        r1_0.admin_file_path,
        r1_0.application_type,
        r1_0.content,
        r1_0.created_at,
        r1_0.file_path,
        r1_0.member_id,
        m1_0.id,
        m1_0.address,
        m1_0.address_etc,
        m1_0.created_at,
        m1_0.department,
        m1_0.email,
        m1_0.hospital_name,
        m1_0.memo,
        m1_0.name,
        m1_0.password,
        m1_0.phone,
        m1_0.recommend_code,
        m1_0.recommended_employee,
        m1_0.status,
        m1_0.updated_at,
        m1_0.username,
        m1_0.visit_num,
        r1_0.money,
        r1_0.payment_amount,
        r1_0.payment_method,
        r1_0.payment_status,
        r1_0.privacy_agreed,
        r1_0.privacy_agreement,
        r1_0.reg_condition,
        r1_0.status,
        r1_0.status_cancel,
        r1_0.title,
        r1_0.updated_at 
    from
        request r1_0 
    left join
        member m1_0 
            on m1_0.id=r1_0.member_id 
    where
        r1_0.id=?
2025-11-05 21:24:39 [http-nio-8080-exec-1] DEBUG o.s.w.s.v.ContentNegotiatingViewResolver - Selected 'text/html' given [text/html, application/xhtml+xml, image/avif, image/webp, image/apng, application/xml;q=0.9, */*;q=0.8, application/signed-exchange;v=b3;q=0.7]
2025-11-05 21:24:39 [http-nio-8080-exec-1] DEBUG o.s.web.servlet.view.JstlView - View name [mypage/edit-request], model {memberId=123, request=com.shinki.shinki.entity.Request@d8f65e, org.springframework.validation.BindingResult.request=org.springframework.validation.BeanPropertyBindingResult: 0 errors}
2025-11-05 21:24:39 [http-nio-8080-exec-1] DEBUG o.s.web.servlet.view.JstlView - Forwarding to [/WEB-INF/views/mypage/edit-request.jsp]
2025-11-05 21:24:49 [http-nio-8080-exec-4] DEBUG org.hibernate.SQL - 
    select
        r1_0.id,
        r1_0.admin_file_path,
        r1_0.application_type,
        r1_0.content,
        r1_0.created_at,
        r1_0.file_path,
        r1_0.member_id,
        m1_0.id,
        m1_0.address,
        m1_0.address_etc,
        m1_0.created_at,
        m1_0.department,
        m1_0.email,
        m1_0.hospital_name,
        m1_0.memo,
        m1_0.name,
        m1_0.password,
        m1_0.phone,
        m1_0.recommend_code,
        m1_0.recommended_employee,
        m1_0.status,
        m1_0.updated_at,
        m1_0.username,
        m1_0.visit_num,
        r1_0.money,
        r1_0.payment_amount,
        r1_0.payment_method,
        r1_0.payment_status,
        r1_0.privacy_agreed,
        r1_0.privacy_agreement,
        r1_0.reg_condition,
        r1_0.status,
        r1_0.status_cancel,
        r1_0.title,
        r1_0.updated_at 
    from
        request r1_0 
    left join
        member m1_0 
            on m1_0.id=r1_0.member_id 
    where
        r1_0.id=?
2025-11-05 21:24:49 [http-nio-8080-exec-4] DEBUG org.hibernate.SQL - 
    select
        m1_0.id,
        m1_0.address,
        m1_0.address_etc,
        m1_0.created_at,
        m1_0.department,
        m1_0.email,
        m1_0.hospital_name,
        m1_0.memo,
        m1_0.name,
        m1_0.password,
        m1_0.phone,
        m1_0.recommend_code,
        m1_0.recommended_employee,
        m1_0.status,
        m1_0.updated_at,
        m1_0.username,
        m1_0.visit_num 
    from
        member m1_0 
    where
        m1_0.username=?
2025-11-05 21:24:49 [http-nio-8080-exec-4] DEBUG org.hibernate.SQL - 
    update
        request 
    set
        admin_file_path=?,
        application_type=?,
        content=?,
        created_at=?,
        file_path=?,
        member_id=?,
        money=?,
        payment_amount=?,
        payment_method=?,
        payment_status=?,
        privacy_agreed=?,
        privacy_agreement=?,
        reg_condition=?,
        status=?,
        status_cancel=?,
        title=?,
        updated_at=? 
    where
        id=?
2025-11-05 21:24:49 [http-nio-8080-exec-4] DEBUG o.s.web.servlet.view.RedirectView - View name [redirect:], model {}
2025-11-05 21:24:50 [http-nio-8080-exec-5] DEBUG org.hibernate.SQL - 
    select
        r1_0.id,
        r1_0.admin_file_path,
        r1_0.application_type,
        r1_0.content,
        r1_0.created_at,
        r1_0.file_path,
        r1_0.member_id,
        m1_0.id,
        m1_0.address,
        m1_0.address_etc,
        m1_0.created_at,
        m1_0.department,
        m1_0.email,
        m1_0.hospital_name,
        m1_0.memo,
        m1_0.name,
        m1_0.password,
        m1_0.phone,
        m1_0.recommend_code,
        m1_0.recommended_employee,
        m1_0.status,
        m1_0.updated_at,
        m1_0.username,
        m1_0.visit_num,
        r1_0.money,
        r1_0.payment_amount,
        r1_0.payment_method,
        r1_0.payment_status,
        r1_0.privacy_agreed,
        r1_0.privacy_agreement,
        r1_0.reg_condition,
        r1_0.status,
        r1_0.status_cancel,
        r1_0.title,
        r1_0.updated_at 
    from
        request r1_0 
    left join
        member m1_0 
            on m1_0.id=r1_0.member_id 
    where
        r1_0.id=?
2025-11-05 21:24:50 [http-nio-8080-exec-5] DEBUG org.hibernate.SQL - 
    select
        rr1_0.id,
        rr1_0.admin_no,
        rr1_0.admin_content,
        rr1_0.admin_created_at,
        rr1_0.created_at,
        rr1_0.member_id,
        rr1_0.parent_id,
        rr1_0.request_id,
        rr1_0.updated_at,
        rr1_0.user_content,
        rr1_0.user_created_at 
    from
        reply_request rr1_0 
    where
        rr1_0.request_id=? 
        and rr1_0.parent_id is null 
    order by
        rr1_0.created_at desc
2025-11-05 21:24:50 [http-nio-8080-exec-5] DEBUG o.s.w.s.v.ContentNegotiatingViewResolver - Selected 'text/html' given [text/html, application/xhtml+xml, image/avif, image/webp, image/apng, application/xml;q=0.9, */*;q=0.8, application/signed-exchange;v=b3;q=0.7]
2025-11-05 21:24:50 [http-nio-8080-exec-5] DEBUG o.s.web.servlet.view.JstlView - View name [mypage/order-detail], model {message=의뢰가 성공적으로 수정되었습니다., request=com.shinki.shinki.entity.Request@46e79f35, userComments=[], org.springframework.validation.BindingResult.request=org.springframework.validation.BeanPropertyBindingResult: 0 errors}
2025-11-05 21:24:50 [http-nio-8080-exec-5] DEBUG o.s.web.servlet.view.JstlView - Forwarding to [/WEB-INF/views/mypage/order-detail.jsp]
2025-11-05 21:24:53 [http-nio-8080-exec-6] DEBUG org.hibernate.SQL - 
    select
        m1_0.id,
        m1_0.address,
        m1_0.address_etc,
        m1_0.created_at,
        m1_0.department,
        m1_0.email,
        m1_0.hospital_name,
        m1_0.memo,
        m1_0.name,
        m1_0.password,
        m1_0.phone,
        m1_0.recommend_code,
        m1_0.recommended_employee,
        m1_0.status,
        m1_0.updated_at,
        m1_0.username,
        m1_0.visit_num 
    from
        member m1_0 
    where
        m1_0.username=?
2025-11-05 21:24:53 [http-nio-8080-exec-6] DEBUG org.hibernate.SQL - 
    select
        r1_0.id,
        r1_0.admin_file_path,
        r1_0.application_type,
        r1_0.content,
        r1_0.created_at,
        r1_0.file_path,
        r1_0.member_id,
        m1_0.id,
        m1_0.address,
        m1_0.address_etc,
        m1_0.created_at,
        m1_0.department,
        m1_0.email,
        m1_0.hospital_name,
        m1_0.memo,
        m1_0.name,
        m1_0.password,
        m1_0.phone,
        m1_0.recommend_code,
        m1_0.recommended_employee,
        m1_0.status,
        m1_0.updated_at,
        m1_0.username,
        m1_0.visit_num,
        r1_0.money,
        r1_0.payment_amount,
        r1_0.payment_method,
        r1_0.payment_status,
        r1_0.privacy_agreed,
        r1_0.privacy_agreement,
        r1_0.reg_condition,
        r1_0.status,
        r1_0.status_cancel,
        r1_0.title,
        r1_0.updated_at 
    from
        request r1_0 
    left join
        member m1_0 
            on m1_0.id=r1_0.member_id 
    where
        r1_0.id=?
2025-11-05 21:24:54 [http-nio-8080-exec-6] DEBUG o.s.w.s.v.ContentNegotiatingViewResolver - Selected 'text/html' given [text/html, application/xhtml+xml, image/avif, image/webp, image/apng, application/xml;q=0.9, */*;q=0.8, application/signed-exchange;v=b3;q=0.7]
2025-11-05 21:24:54 [http-nio-8080-exec-6] DEBUG o.s.web.servlet.view.JstlView - View name [mypage/edit-request], model {memberId=123, request=com.shinki.shinki.entity.Request@7b8603fd, org.springframework.validation.BindingResult.request=org.springframework.validation.BeanPropertyBindingResult: 0 errors}
2025-11-05 21:24:54 [http-nio-8080-exec-6] DEBUG o.s.web.servlet.view.JstlView - Forwarding to [/WEB-INF/views/mypage/edit-request.jsp]
2025-11-05 21:25:01 [http-nio-8080-exec-9] DEBUG org.hibernate.SQL - 
    select
        r1_0.id,
        r1_0.admin_file_path,
        r1_0.application_type,
        r1_0.content,
        r1_0.created_at,
        r1_0.file_path,
        r1_0.member_id,
        m1_0.id,
        m1_0.address,
        m1_0.address_etc,
        m1_0.created_at,
        m1_0.department,
        m1_0.email,
        m1_0.hospital_name,
        m1_0.memo,
        m1_0.name,
        m1_0.password,
        m1_0.phone,
        m1_0.recommend_code,
        m1_0.recommended_employee,
        m1_0.status,
        m1_0.updated_at,
        m1_0.username,
        m1_0.visit_num,
        r1_0.money,
        r1_0.payment_amount,
        r1_0.payment_method,
        r1_0.payment_status,
        r1_0.privacy_agreed,
        r1_0.privacy_agreement,
        r1_0.reg_condition,
        r1_0.status,
        r1_0.status_cancel,
        r1_0.title,
        r1_0.updated_at 
    from
        request r1_0 
    left join
        member m1_0 
            on m1_0.id=r1_0.member_id 
    where
        r1_0.id=?
2025-11-05 21:25:01 [http-nio-8080-exec-9] DEBUG org.hibernate.SQL - 
    select
        m1_0.id,
        m1_0.address,
        m1_0.address_etc,
        m1_0.created_at,
        m1_0.department,
        m1_0.email,
        m1_0.hospital_name,
        m1_0.memo,
        m1_0.name,
        m1_0.password,
        m1_0.phone,
        m1_0.recommend_code,
        m1_0.recommended_employee,
        m1_0.status,
        m1_0.updated_at,
        m1_0.username,
        m1_0.visit_num 
    from
        member m1_0 
    where
        m1_0.username=?
2025-11-05 21:25:01 [http-nio-8080-exec-9] DEBUG org.hibernate.SQL - 
    update
        request 
    set
        admin_file_path=?,
        application_type=?,
        content=?,
        created_at=?,
        file_path=?,
        member_id=?,
        money=?,
        payment_amount=?,
        payment_method=?,
        payment_status=?,
        privacy_agreed=?,
        privacy_agreement=?,
        reg_condition=?,
        status=?,
        status_cancel=?,
        title=?,
        updated_at=? 
    where
        id=?
2025-11-05 21:25:01 [http-nio-8080-exec-9] DEBUG o.s.web.servlet.view.RedirectView - View name [redirect:], model {}
2025-11-05 21:25:01 [http-nio-8080-exec-10] DEBUG org.hibernate.SQL - 
    select
        r1_0.id,
        r1_0.admin_file_path,
        r1_0.application_type,
        r1_0.content,
        r1_0.created_at,
        r1_0.file_path,
        r1_0.member_id,
        m1_0.id,
        m1_0.address,
        m1_0.address_etc,
        m1_0.created_at,
        m1_0.department,
        m1_0.email,
        m1_0.hospital_name,
        m1_0.memo,
        m1_0.name,
        m1_0.password,
        m1_0.phone,
        m1_0.recommend_code,
        m1_0.recommended_employee,
        m1_0.status,
        m1_0.updated_at,
        m1_0.username,
        m1_0.visit_num,
        r1_0.money,
        r1_0.payment_amount,
        r1_0.payment_method,
        r1_0.payment_status,
        r1_0.privacy_agreed,
        r1_0.privacy_agreement,
        r1_0.reg_condition,
        r1_0.status,
        r1_0.status_cancel,
        r1_0.title,
        r1_0.updated_at 
    from
        request r1_0 
    left join
        member m1_0 
            on m1_0.id=r1_0.member_id 
    where
        r1_0.id=?
2025-11-05 21:25:01 [http-nio-8080-exec-10] DEBUG org.hibernate.SQL - 
    select
        rr1_0.id,
        rr1_0.admin_no,
        rr1_0.admin_content,
        rr1_0.admin_created_at,
        rr1_0.created_at,
        rr1_0.member_id,
        rr1_0.parent_id,
        rr1_0.request_id,
        rr1_0.updated_at,
        rr1_0.user_content,
        rr1_0.user_created_at 
    from
        reply_request rr1_0 
    where
        rr1_0.request_id=? 
        and rr1_0.parent_id is null 
    order by
        rr1_0.created_at desc
2025-11-05 21:25:01 [http-nio-8080-exec-10] DEBUG o.s.w.s.v.ContentNegotiatingViewResolver - Selected 'text/html' given [text/html, application/xhtml+xml, image/avif, image/webp, image/apng, application/xml;q=0.9, */*;q=0.8, application/signed-exchange;v=b3;q=0.7]
2025-11-05 21:25:01 [http-nio-8080-exec-10] DEBUG o.s.web.servlet.view.JstlView - View name [mypage/order-detail], model {message=의뢰가 성공적으로 수정되었습니다., request=com.shinki.shinki.entity.Request@1a742c27, userComments=[], org.springframework.validation.BindingResult.request=org.springframework.validation.BeanPropertyBindingResult: 0 errors}
2025-11-05 21:25:01 [http-nio-8080-exec-10] DEBUG o.s.web.servlet.view.JstlView - Forwarding to [/WEB-INF/views/mypage/order-detail.jsp]
2025-11-05 21:25:11 [http-nio-8080-exec-2] DEBUG o.s.w.s.v.ContentNegotiatingViewResolver - Selected 'text/html' given [text/html, application/xhtml+xml, image/avif, image/webp, image/apng, application/xml;q=0.9, */*;q=0.8, application/signed-exchange;v=b3;q=0.7]
2025-11-05 21:25:11 [http-nio-8080-exec-2] DEBUG o.s.web.servlet.view.JstlView - View name [mypage/login], model {redirectUrl=null}
2025-11-05 21:25:11 [http-nio-8080-exec-2] DEBUG o.s.web.servlet.view.JstlView - Forwarding to [/WEB-INF/views/mypage/login.jsp]
2025-11-05 21:25:12 [http-nio-8080-exec-4] DEBUG o.s.w.s.v.ContentNegotiatingViewResolver - Selected 'text/html' given [text/html, application/xhtml+xml, image/avif, image/webp, image/apng, application/xml;q=0.9, */*;q=0.8, application/signed-exchange;v=b3;q=0.7]
2025-11-05 21:25:12 [http-nio-8080-exec-4] DEBUG o.s.web.servlet.view.JstlView - View name [admin/login], model {adminAuthority=null, canRead=false, canReply=false, canModify=false}
2025-11-05 21:25:12 [http-nio-8080-exec-4] DEBUG o.s.web.servlet.view.JstlView - Forwarding to [/WEB-INF/views/admin/login.jsp]
2025-11-05 21:25:13 [http-nio-8080-exec-7] DEBUG o.s.w.s.v.ContentNegotiatingViewResolver - Selected '*/*' given [image/avif, image/webp, image/apng, image/svg+xml, image/*, */*;q=0.8]
2025-11-05 21:25:13 [http-nio-8080-exec-7] DEBUG o.s.web.servlet.view.JstlView - View name [error], model {status=404, timestamp=2025-11-05T21:25:13.818874300}
2025-11-05 21:25:13 [http-nio-8080-exec-7] DEBUG o.s.web.servlet.view.JstlView - Forwarding to [/WEB-INF/views/error.jsp]
2025-11-05 21:25:15 [http-nio-8080-exec-8] DEBUG org.hibernate.SQL - 
    select
        a1_0.admin_no,
        a1_0.admin_id,
        a1_0.authority,
        a1_0.created_at,
        a1_0.department,
        a1_0.email,
        a1_0.name,
        a1_0.password,
        a1_0.phone,
        a1_0.position,
        a1_0.`rank`,
        a1_0.updated_at 
    from
        admin a1_0 
    where
        a1_0.admin_id=? 
        and a1_0.password=?
2025-11-05 21:25:15 [http-nio-8080-exec-8] DEBUG o.s.web.servlet.view.RedirectView - View name [redirect:], model {}
2025-11-05 21:25:15 [http-nio-8080-exec-9] DEBUG org.hibernate.SQL - 
    select
        a1_0.admin_no,
        a1_0.admin_id,
        a1_0.authority,
        a1_0.created_at,
        a1_0.department,
        a1_0.email,
        a1_0.name,
        a1_0.password,
        a1_0.phone,
        a1_0.position,
        a1_0.`rank`,
        a1_0.updated_at 
    from
        admin a1_0 
    order by
        a1_0.admin_no desc 
    limit
        ?, ?
2025-11-05 21:25:15 [http-nio-8080-exec-9] DEBUG o.s.w.s.v.ContentNegotiatingViewResolver - Selected 'text/html' given [text/html, application/xhtml+xml, image/avif, image/webp, image/apng, application/xml;q=0.9, */*;q=0.8, application/signed-exchange;v=b3;q=0.7]
2025-11-05 21:25:15 [http-nio-8080-exec-9] DEBUG o.s.web.servlet.view.JstlView - View name [admin/admin-account], model {adminAuthority=모든권한, canRead=true, canReply=true, canModify=true, admins=[com.shinki.shinki.entity.Admin@766ead98, com.shinki.shinki.entity.Admin@73c44760, com.shinki.shinki.entity.Admin@152ec7b6, com.shinki.shinki.entity.Admin@763c4fac, com.shinki.shinki.entity.Admin@75bd3e9e, com.shinki.shinki.entity.Admin@2413880e, com.shinki.shinki.entity.Admin@47e3e84d], currentPage=0, totalPages=1, totalElements=7, size=10}
2025-11-05 21:25:15 [http-nio-8080-exec-9] DEBUG o.s.web.servlet.view.JstlView - Forwarding to [/WEB-INF/views/admin/admin-account.jsp]
2025-11-05 21:25:33 [http-nio-8080-exec-5] DEBUG org.hibernate.SQL - 
    select
        r1_0.id,
        r1_0.admin_file_path,
        r1_0.application_type,
        r1_0.content,
        r1_0.created_at,
        r1_0.file_path,
        r1_0.member_id,
        m1_0.id,
        m1_0.address,
        m1_0.address_etc,
        m1_0.created_at,
        m1_0.department,
        m1_0.email,
        m1_0.hospital_name,
        m1_0.memo,
        m1_0.name,
        m1_0.password,
        m1_0.phone,
        m1_0.recommend_code,
        m1_0.recommended_employee,
        m1_0.status,
        m1_0.updated_at,
        m1_0.username,
        m1_0.visit_num,
        r1_0.money,
        r1_0.payment_amount,
        r1_0.payment_method,
        r1_0.payment_status,
        r1_0.privacy_agreed,
        r1_0.privacy_agreement,
        r1_0.reg_condition,
        r1_0.status,
        r1_0.status_cancel,
        r1_0.title,
        r1_0.updated_at 
    from
        request r1_0 
    left join
        member m1_0 
            on m1_0.id=r1_0.member_id 
    order by
        r1_0.id desc,
        r1_0.id desc 
    limit
        ?
2025-11-05 21:25:33 [http-nio-8080-exec-5] DEBUG org.hibernate.SQL - 
    select
        count(r1_0.id) 
    from
        request r1_0
2025-11-05 21:25:34 [http-nio-8080-exec-5] DEBUG o.s.w.s.v.ContentNegotiatingViewResolver - Selected 'text/html' given [text/html, application/xhtml+xml, image/avif, image/webp, image/apng, application/xml;q=0.9, */*;q=0.8, application/signed-exchange;v=b3;q=0.7]
2025-11-05 21:25:34 [http-nio-8080-exec-5] DEBUG o.s.web.servlet.view.JstlView - View name [admin/request-history], model {adminAuthority=모든권한, canRead=true, canReply=true, canModify=true, requests=[com.shinki.shinki.entity.Request@2fa4efc4, com.shinki.shinki.entity.Request@59c20ea5, com.shinki.shinki.entity.Request@68c487d4, com.shinki.shinki.entity.Request@31eb66fe, com.shinki.shinki.entity.Request@39b975c8, com.shinki.shinki.entity.Request@7047f37c, com.shinki.shinki.entity.Request@3c713087, com.shinki.shinki.entity.Request@56c77d61, com.shinki.shinki.entity.Request@24a25544, com.shinki.shinki.entity.Request@5ef17e46], currentPage=0, totalPages=2, totalElements=13, size=10, search=null, applicationType=null, status=null, startDate=null}
2025-11-05 21:25:34 [http-nio-8080-exec-5] DEBUG o.s.web.servlet.view.JstlView - Forwarding to [/WEB-INF/views/admin/request-history.jsp]
2025-11-05 21:25:37 [http-nio-8080-exec-6] DEBUG org.hibernate.SQL - 
    select
        r1_0.id,
        r1_0.admin_file_path,
        r1_0.application_type,
        r1_0.content,
        r1_0.created_at,
        r1_0.file_path,
        r1_0.member_id,
        m1_0.id,
        m1_0.address,
        m1_0.address_etc,
        m1_0.created_at,
        m1_0.department,
        m1_0.email,
        m1_0.hospital_name,
        m1_0.memo,
        m1_0.name,
        m1_0.password,
        m1_0.phone,
        m1_0.recommend_code,
        m1_0.recommended_employee,
        m1_0.status,
        m1_0.updated_at,
        m1_0.username,
        m1_0.visit_num,
        r1_0.money,
        r1_0.payment_amount,
        r1_0.payment_method,
        r1_0.payment_status,
        r1_0.privacy_agreed,
        r1_0.privacy_agreement,
        r1_0.reg_condition,
        r1_0.status,
        r1_0.status_cancel,
        r1_0.title,
        r1_0.updated_at 
    from
        request r1_0 
    left join
        member m1_0 
            on m1_0.id=r1_0.member_id 
    where
        r1_0.id=?
2025-11-05 21:25:37 [http-nio-8080-exec-6] DEBUG org.hibernate.SQL - 
    select
        rr1_0.id,
        rr1_0.admin_no,
        rr1_0.admin_content,
        rr1_0.admin_created_at,
        rr1_0.created_at,
        rr1_0.member_id,
        rr1_0.parent_id,
        rr1_0.request_id,
        rr1_0.updated_at,
        rr1_0.user_content,
        rr1_0.user_created_at 
    from
        reply_request rr1_0 
    where
        rr1_0.request_id=? 
        and rr1_0.parent_id is null 
    order by
        rr1_0.created_at desc
2025-11-05 21:25:37 [http-nio-8080-exec-6] DEBUG org.hibernate.SQL - 
    select
        a1_0.admin_no,
        a1_0.admin_id,
        a1_0.authority,
        a1_0.created_at,
        a1_0.department,
        a1_0.email,
        a1_0.name,
        a1_0.password,
        a1_0.phone,
        a1_0.position,
        a1_0.`rank`,
        a1_0.updated_at 
    from
        admin a1_0 
    order by
        a1_0.admin_no desc
2025-11-05 21:25:37 [http-nio-8080-exec-6] DEBUG o.s.w.s.v.ContentNegotiatingViewResolver - Selected 'text/html' given [text/html, application/xhtml+xml, image/avif, image/webp, image/apng, application/xml;q=0.9, */*;q=0.8, application/signed-exchange;v=b3;q=0.7]
2025-11-05 21:25:37 [http-nio-8080-exec-6] DEBUG o.s.web.servlet.view.JstlView - View name [admin/view-request-details], model {adminAuthority=모든권한, canRead=true, canReply=true, canModify=true, request=com.shinki.shinki.entity.Request@7939dc3f, userComments=[], admins=[com.shinki.shinki.entity.Admin@455a13e0, com.shinki.shinki.entity.Admin@42b8b7be, com.shinki.shinki.entity.Admin@5a018ff3, com.shinki.shinki.entity.Admin@2f187d89, com.shinki.shinki.entity.Admin@3ac8be99, com.shinki.shinki.entity.Admin@3d4aeb39, com.shinki.shinki.entity.Admin@6be28574], org.springframework.validation.BindingResult.request=org.springframework.validation.BeanPropertyBindingResult: 0 errors}
2025-11-05 21:25:37 [http-nio-8080-exec-6] DEBUG o.s.web.servlet.view.JstlView - Forwarding to [/WEB-INF/views/admin/view-request-details.jsp]
2025-11-05 21:26:20 [http-nio-8080-exec-9] DEBUG org.hibernate.SQL - 
    select
        r1_0.id,
        r1_0.admin_file_path,
        r1_0.application_type,
        r1_0.content,
        r1_0.created_at,
        r1_0.file_path,
        r1_0.member_id,
        m1_0.id,
        m1_0.address,
        m1_0.address_etc,
        m1_0.created_at,
        m1_0.department,
        m1_0.email,
        m1_0.hospital_name,
        m1_0.memo,
        m1_0.name,
        m1_0.password,
        m1_0.phone,
        m1_0.recommend_code,
        m1_0.recommended_employee,
        m1_0.status,
        m1_0.updated_at,
        m1_0.username,
        m1_0.visit_num,
        r1_0.money,
        r1_0.payment_amount,
        r1_0.payment_method,
        r1_0.payment_status,
        r1_0.privacy_agreed,
        r1_0.privacy_agreement,
        r1_0.reg_condition,
        r1_0.status,
        r1_0.status_cancel,
        r1_0.title,
        r1_0.updated_at 
    from
        request r1_0 
    left join
        member m1_0 
            on m1_0.id=r1_0.member_id 
    where
        r1_0.id=?
2025-11-05 21:26:20 [http-nio-8080-exec-9] DEBUG org.hibernate.SQL - 
    select
        rr1_0.id,
        rr1_0.admin_no,
        rr1_0.admin_content,
        rr1_0.admin_created_at,
        rr1_0.created_at,
        rr1_0.member_id,
        rr1_0.parent_id,
        rr1_0.request_id,
        rr1_0.updated_at,
        rr1_0.user_content,
        rr1_0.user_created_at 
    from
        reply_request rr1_0 
    where
        rr1_0.request_id=? 
        and rr1_0.parent_id is null 
    order by
        rr1_0.created_at desc
2025-11-05 21:26:20 [http-nio-8080-exec-9] DEBUG org.hibernate.SQL - 
    select
        a1_0.admin_no,
        a1_0.admin_id,
        a1_0.authority,
        a1_0.created_at,
        a1_0.department,
        a1_0.email,
        a1_0.name,
        a1_0.password,
        a1_0.phone,
        a1_0.position,
        a1_0.`rank`,
        a1_0.updated_at 
    from
        admin a1_0 
    order by
        a1_0.admin_no desc
2025-11-05 21:26:20 [http-nio-8080-exec-9] DEBUG o.s.w.s.v.ContentNegotiatingViewResolver - Selected 'text/html' given [text/html, application/xhtml+xml, image/avif, image/webp, image/apng, application/xml;q=0.9, */*;q=0.8, application/signed-exchange;v=b3;q=0.7]
2025-11-05 21:26:20 [http-nio-8080-exec-9] DEBUG o.s.web.servlet.view.JstlView - View name [admin/view-request-details], model {adminAuthority=모든권한, canRead=true, canReply=true, canModify=true, request=com.shinki.shinki.entity.Request@5f1af748, userComments=[], admins=[com.shinki.shinki.entity.Admin@78527ba9, com.shinki.shinki.entity.Admin@4892271e, com.shinki.shinki.entity.Admin@7b8bd01, com.shinki.shinki.entity.Admin@42244c73, com.shinki.shinki.entity.Admin@2940e8ad, com.shinki.shinki.entity.Admin@70b3904c, com.shinki.shinki.entity.Admin@32a17bee], org.springframework.validation.BindingResult.request=org.springframework.validation.BeanPropertyBindingResult: 0 errors}
2025-11-05 21:26:20 [http-nio-8080-exec-9] DEBUG o.s.web.servlet.view.JstlView - Forwarding to [/WEB-INF/views/admin/view-request-details.jsp]
2025-11-05 21:27:16 [File Watcher] INFO  o.s.b.d.a.LocalDevToolsAutoConfiguration$RestartingClassPathChangeChangedEventListener - Restarting due to 37 class path changes (0 additions, 37 deletions, 0 modifications)
2025-11-05 21:27:16 [Thread-5] INFO  o.s.b.w.e.tomcat.GracefulShutdown - Commencing graceful shutdown. Waiting for active requests to complete
2025-11-05 21:27:16 [tomcat-shutdown] INFO  o.s.b.w.e.tomcat.GracefulShutdown - Graceful shutdown complete
2025-11-05 21:27:16 [Thread-5] INFO  o.s.o.j.LocalContainerEntityManagerFactoryBean - Closing JPA EntityManagerFactory for persistence unit 'default'
2025-11-05 21:27:16 [Thread-5] INFO  com.zaxxer.hikari.HikariDataSource - HikariPool-1 - Shutdown initiated...
2025-11-05 21:27:16 [Thread-5] INFO  com.zaxxer.hikari.HikariDataSource - HikariPool-1 - Shutdown completed.
